[
{
  "model": "picata.pagetag",
  "pk": 1,
  "fields": {
    "name": "hpk.io",
    "slug": "hpkio"
  }
},
{
  "model": "picata.pagetag",
  "pk": 2,
  "fields": {
    "name": "personal",
    "slug": "personal"
  }
},
{
  "model": "picata.pagetag",
  "pk": 3,
  "fields": {
    "name": "Just",
    "slug": "just"
  }
},
{
  "model": "picata.pagetag",
  "pk": 4,
  "fields": {
    "name": "Justfile",
    "slug": "justfile"
  }
},
{
  "model": "picata.pagetag",
  "pk": 5,
  "fields": {
    "name": "shell script",
    "slug": "shell-script"
  }
},
{
  "model": "picata.pagetag",
  "pk": 6,
  "fields": {
    "name": "software development",
    "slug": "software-development"
  }
},
{
  "model": "picata.pagetag",
  "pk": 7,
  "fields": {
    "name": "Python",
    "slug": "python"
  }
},
{
  "model": "picata.pagetag",
  "pk": 8,
  "fields": {
    "name": "pre-commit",
    "slug": "pre-commit"
  }
},
{
  "model": "picata.pagetag",
  "pk": 9,
  "fields": {
    "name": "type checking",
    "slug": "type-checking"
  }
},
{
  "model": "picata.pagetag",
  "pk": 10,
  "fields": {
    "name": "virtual environments",
    "slug": "virtual-environments"
  }
},
{
  "model": "picata.pagetag",
  "pk": 11,
  "fields": {
    "name": "DevOps",
    "slug": "devops"
  }
},
{
  "model": "picata.pagetag",
  "pk": 12,
  "fields": {
    "name": "OpenTofu",
    "slug": "opentofu"
  }
},
{
  "model": "picata.pagetag",
  "pk": 13,
  "fields": {
    "name": "Terraform",
    "slug": "terraform"
  }
},
{
  "model": "picata.pagetag",
  "pk": 14,
  "fields": {
    "name": "cloud-init",
    "slug": "cloud-init"
  }
},
{
  "model": "picata.pagetag",
  "pk": 15,
  "fields": {
    "name": "blogging",
    "slug": "blogging"
  }
},
{
  "model": "picata.pagetag",
  "pk": 16,
  "fields": {
    "name": "Django",
    "slug": "django"
  }
},
{
  "model": "picata.pagetag",
  "pk": 17,
  "fields": {
    "name": "settings",
    "slug": "settings"
  }
},
{
  "model": "picata.pagetag",
  "pk": 18,
  "fields": {
    "name": "software",
    "slug": "software"
  }
},
{
  "model": "picata.pagetag",
  "pk": 19,
  "fields": {
    "name": "development",
    "slug": "development"
  }
},
{
  "model": "picata.pagetagrelation",
  "pk": 29,
  "fields": {
    "tag": 3,
    "content_object": 6
  }
},
{
  "model": "picata.pagetagrelation",
  "pk": 30,
  "fields": {
    "tag": 4,
    "content_object": 6
  }
},
{
  "model": "picata.pagetagrelation",
  "pk": 31,
  "fields": {
    "tag": 5,
    "content_object": 6
  }
},
{
  "model": "picata.pagetagrelation",
  "pk": 32,
  "fields": {
    "tag": 6,
    "content_object": 6
  }
},
{
  "model": "picata.pagetagrelation",
  "pk": 45,
  "fields": {
    "tag": 15,
    "content_object": 5
  }
},
{
  "model": "picata.pagetagrelation",
  "pk": 46,
  "fields": {
    "tag": 1,
    "content_object": 5
  }
},
{
  "model": "picata.pagetagrelation",
  "pk": 47,
  "fields": {
    "tag": 2,
    "content_object": 5
  }
},
{
  "model": "picata.pagetagrelation",
  "pk": 148,
  "fields": {
    "tag": 16,
    "content_object": 9
  }
},
{
  "model": "picata.pagetagrelation",
  "pk": 149,
  "fields": {
    "tag": 19,
    "content_object": 9
  }
},
{
  "model": "picata.pagetagrelation",
  "pk": 150,
  "fields": {
    "tag": 17,
    "content_object": 9
  }
},
{
  "model": "picata.pagetagrelation",
  "pk": 151,
  "fields": {
    "tag": 18,
    "content_object": 9
  }
},
{
  "model": "picata.pagetagrelation",
  "pk": 152,
  "fields": {
    "tag": 7,
    "content_object": 7
  }
},
{
  "model": "picata.pagetagrelation",
  "pk": 153,
  "fields": {
    "tag": 8,
    "content_object": 7
  }
},
{
  "model": "picata.pagetagrelation",
  "pk": 154,
  "fields": {
    "tag": 9,
    "content_object": 7
  }
},
{
  "model": "picata.pagetagrelation",
  "pk": 155,
  "fields": {
    "tag": 10,
    "content_object": 7
  }
},
{
  "model": "picata.article",
  "pk": 5,
  "fields": {
    "tagline": "\"What the hell am I doing here?\"",
    "summary": "<p data-block-key=\"58zlb\">Wherein I try to explain/justify the countless hours I've poured into getting this personal website off the ground. Includes a short description of the journey and technology behind it, and describes the expectations I've set for myself at this very early stage.</p>",
    "content": "[{\"id\": \"4eaf4b81-ac26-4ca8-9e51-d2624c9bc4ac\", \"type\": \"rich_text\", \"value\": \"<p data-block-key=\\\"03rqr\\\">Actually I decided to start a blog sometime late in the 20th century. And here it is! First I spend 2.5 decades as a web developer, working out what I need to know, and then finally found the time. This whole dammed \\\"web\\\" thing kept evolving and moving the goal posts, ya know?</p><h2 data-block-key=\\\"cddil\\\">Why <i>am</i> I here?</h2><p data-block-key=\\\"ebt0p\\\">Many reasons.</p><ul><li data-block-key=\\\"aa1ic\\\">I'm always learning new things, and spending all my time split between official documentation, books, ChatGPT, and StackOverflow, because there are no good tutorials or guides anywhere on the internet (that I can find), and I'm driven to close those gaps</li><li data-block-key=\\\"cb65d\\\">Having your very own web presence felt like a cool idea to me in 1997, and I never lost that feeling. Skip to today, with centralised social media hastening the downfall of civilisation, it's not just cool it's literally revolutionary!</li><li data-block-key=\\\"5to9d\\\">To earn a modicum of credibility as a developer/person/potential employee \\u2013 and especially to feel confident calling myself a \\\"full stack\\\" developer \\u2013 writing a front-end, a back-end, a DevOps pipeline, running it all in production yourself feels <i>good</i></li><li data-block-key=\\\"ovll\\\">Now I have one repository that's also a rapid-development platform, which I can keep up-to-date with tooling, where I can experiment with whatever I want while not having to worry about bootstrapping new projects all the time\\u00a0\\u2013\\u00a0\\\"feature\\\" branches, ftw!</li></ul><h2 data-block-key=\\\"e8b9f\\\">What do I plan to write about?</h2><p data-block-key=\\\"9s3di\\\">Mostly I'm planning on writing up technical guides, recipes, tutorials, and what-have-yous, just based on whatever I've been learning or working with lately \\u2013 but only when there isn't already a wealth of Googleable stuff out there already.</p><p data-block-key=\\\"9ooa3\\\">But this is my blog, and I'll be dammed if I'm going to hold myself back from the temptation to opine about whatever's going on in the world or my life. Maybe reviews of books and movies? I just like writing! You won't find a skerrick of \\\"AI generated\\\" content here.</p><h2 data-block-key=\\\"ac9r3\\\">What is it made of?</h2><p data-block-key=\\\"8dvq0\\\">I took the best damn CMS framework in the world (<a href=\\\"https://wagtail.org\\\">Wagtail</a>), written on top of the best dammed web framework in the world (<a href=\\\"https://www.djangoproject.com\\\">Django</a>), and wrote a CMS &amp; blog application generic enough that I eventually split it out into a package called <a href=\\\"https://pypi.org/project/picata/\\\">Picata</a>. The goal is to develop Picata into a CMS solution others might find useful, since as wonderful as Wagtail is it <i>does</i> require weeks-to-months of full-stack developer time to turn it into a nice and working website, the the offerings for pre-built solutions are currently scarce.</p><p data-block-key=\\\"8cqii\\\">You'll find more details between the Picata docs and the <a href=\\\"https://github.com/hipikat/hpk.io\\\">repo for this site itself</a>.</p><p data-block-key=\\\"e91at\\\">I learned a lot of interesting modern stuff along the way, but <a href=\\\"https://tailwindcss.com\\\">TailwindCSS</a> deserves a special mention for all the front-end styling you see before you; I found it utterly game-changing when it comes to rapidly generating pretty, concise, responsive CSS. It even made it easy to write themes you can change between (with those buttons in the top-right corner), and I could still do it all in <a href=\\\"https://sass-lang.com\\\">Sass</a>! (Mmmm, semantic whitespace.)</p><h2 data-block-key=\\\"6qbpp\\\">Epilogue</h2><p data-block-key=\\\"5tn05\\\">I'm not exactly a heavy user of all the social sites linked to in the footer, but it seemed wise to reference my official accounts on my own website, as a guard against identity theft, and to help the SEO bots know who I am.</p><p data-block-key=\\\"cdqcg\\\">Anyway, I hope you enjoy my stuff!</p>\"}]",
    "page_type": null
  }
},
{
  "model": "picata.article",
  "pk": 6,
  "fields": {
    "tagline": "Just is a beautiful solution to the problems lurking within the fraught problem-realm known to computer scientists as \"running stuff\"",
    "summary": "<p data-block-key=\"0j72i\">Just is basically a command-runner. After decades of using other standard (but in retrospect ad-hoc methods), I've settled comfortably into writing just one <code>Justfile</code>, at the root of any given project, for the vast majority of \"shell-scripty\" stuff (aka the glue) required to get anything useful done.</p>",
    "content": "[{\"id\": \"cb48d52a-4faf-4e72-8c66-a44a91f1d564\", \"type\": \"rich_text\", \"value\": \"<p data-block-key=\\\"4r388\\\">Just is basically a command-runner, and a great blessing in my life. What have I done to \\\"just run commands\\\" in the past? I took a relatively standard-looking journey through the problem of \\\"running stuff\\\", which vaguely went:</p><ul><li data-block-key=\\\"bferm\\\">Excessive use of man pages to remember arguments and flags</li><li data-block-key=\\\"eeepu\\\">Abusive grepping of a shell's history to see what I'd done before</li><li data-block-key=\\\"4po5s\\\">A Constant addition of aliases and functions to my shell via startup files</li><li data-block-key=\\\"au3c0\\\">Pipenv <code>[scripts]</code>, npm <code>\\\"scripts\\\"</code>, other and other tool-spcific stuff</li><li data-block-key=\\\"3crud\\\">Make? CMake?!</li><li data-block-key=\\\"a09l8\\\">Maybe just a bunch of .sh files under a <code>scripts/</code> directory?</li></ul>\"}]",
    "page_type": null
  }
},
{
  "model": "picata.article",
  "pk": 7,
  "fields": {
    "tagline": "How I learned to stop worrying and love `repo: local`",
    "summary": "<p data-block-key=\"4qjbz\">The pre-commit package is a great way to quickly get a repo running with lots of pre-commit checks you shouldn't have to spend time coding into hooks yourself. But it uses virtual environments behind the scenes in an opaque way that comes with a caveat you should be mindful of.</p>",
    "content": "[{\"id\": \"d5d4814d-5e7c-4898-a957-4d2d2b4570bb\", \"type\": \"rich_text\", \"value\": \"<p data-block-key=\\\"6eafd\\\">The <a href=\\\"https://pre-commit.com\\\">pre-commit</a> package is a great way to quickly get a repo running with lots of checks you might not have even thought about, and shouldn't have to spend time manually coding into hooks yourself. It's certainly helping keep my projects extra-squeaky-clean in a way that feeds back to my brain in the form of lots of little dopamine hits.</p><blockquote data-block-key=\\\"8slvc\\\">Check out the <a href=\\\"https://github.com/hipikat/hpk.io/blob/main/.pre-commit-config.yaml\\\">.pre-commit-config.yaml</a> file behind this site's codebase to see what I'm actually using on it today.</blockquote><p data-block-key=\\\"f5sdf\\\">My initial concern, though, was that <code>pre-commit install</code> does of course <i>take over</i> the pre-commit hooks for a repository, because it relies on its own <code>.git/hooks/pre-commit</code> executable script \\u2013\\u00a0and it wasn't immediately obvious how I could just add my own arbitrary checks.</p><h2 data-block-key=\\\"er4o6\\\">TL;DR?</h2><p data-block-key=\\\"e2a8t\\\">\\\"<a href=\\\"https://pre-commit.com/#repository-local-hooks\\\">Repository local hooks</a>\\\" are your friend.</p>\"}, {\"id\": \"82f192b3-96e5-4884-8dcd-c924fede42f3\", \"type\": \"rich_text\", \"value\": \"<h2 data-block-key=\\\"6eafd\\\">Invisible virtual environments</h2><p data-block-key=\\\"9o8dd\\\">One slightly magical, opaque implementation detail about pre-commit is that every hook basically creates and runs in its own virtual environment. What that looks like depends on the \\\"language\\\" associated with the hook itself, and there are a couple of notable exceptions:</p><ul><li data-block-key=\\\"8smgj\\\">\\\"<a href=\\\"https://pre-commit.com/#script\\\">script</a>\\\" hooks, for simple scripts used to validate files,</li><li data-block-key=\\\"18nr4\\\">\\\"<a href=\\\"https://pre-commit.com/#system\\\">system</a>\\\" hooks, which target system-level executables, and</li><li data-block-key=\\\"ar1t9\\\"><a href=\\\"https://pre-commit.com/#repository-local-hooks\\\">Repository-local</a> hooks, most useful when the hook itself depends on build artefacts in your project, or fairly \\\"complete\\\" virtual environments that you don't want to re-build just for that hook.</li></ul><h3 data-block-key=\\\"10u5\\\">Additional dependencies</h3><p data-block-key=\\\"epe4k\\\">If a hook isn't working the way you'd expect, it may be due to the fact that the virtual environment its creating for itself doesn't have quite everything it needs to run \\u2013\\u00a0this is where the <a href=\\\"https://pre-commit.com/#config-additional_dependencies\\\"><code>additional_dependencies</code></a> lists come into your configuration. Most hook repositories seem pretty good about mentioning the kind of things you'll need to add here \\u2013\\u00a0for example I got my <a href=\\\"https://github.com/pre-commit/mirrors-eslint\\\"><code>eslint</code></a> hook running with just:</p><p data-block-key=\\\"erf07\\\"></p><p data-block-key=\\\"10u88\\\"></p>\"}, {\"id\": \"a56202e8-ddf7-4818-8f07-5bbfe8296190\", \"type\": \"code\", \"value\": {\"code\": \"- repo: https://github.com/pre-commit/mirrors-eslint\\r\\n    rev: \\\"v9.18.0\\\"\\r\\n    hooks:\\r\\n      - id: eslint\\r\\n        name: Lint ECMAScript with eslint\\r\\n        args: [\\\"--config\\\", \\\"./eslint.config.mjs\\\"]\\r\\n        additional_dependencies:\\r\\n          - eslint@9.16.0\\r\\n          - eslint-plugin-prettier@5.2.1\\r\\n          - eslint-plugin-tailwindcss@3.17.5\\r\\n          - eslint-plugin-react@7.37.2\\r\\n          - typescript-eslint@8.17.0\", \"language\": \"yaml\"}}, {\"id\": \"ef2f1470-5df1-4ed2-a772-ac4d5e0e25cf\", \"type\": \"rich_text\", \"value\": \"<h3 data-block-key=\\\"m5704\\\">Static typing, and just using 'local'</h3><p data-block-key=\\\"ibip\\\">It was only after spending some time trying to get <a href=\\\"https://github.com/pre-commit/mirrors-mypy\\\">mypy for pre-commit</a> working that the penny really dropped for me, with regard to how much of a working virtualenv some things actually need. Calling <code>mypy .</code> was finally going smoothly, with no more configuration required than what was in my <code>pyproject.toml</code>:</p>\"}, {\"id\": \"928d2402-6b63-4711-a7e4-d1c142548849\", \"type\": \"code\", \"value\": {\"code\": \"[tool.mypy]\\r\\nexclude = [\\r\\n  '^(.git|.pytest_cache|.ruff_cache|.venv)/.*',\\r\\n  '^(build|dist|infra|lib|logs|media|node_modules|snapshots|static)/.*',\\r\\n]\\r\\nmypy_path = \\\"$MYPY_CONFIG_FILE_DIR/src\\\"\\r\\nplugins = [\\\"mypy_django_plugin.main\\\"]\\r\\nignore_missing_imports = true\\r\\n\\r\\n[tool.django-stubs]\\r\\ndjango_settings_module = \\\"picata.settings.mypy\\\"\", \"language\": \"toml\"}}, {\"id\": \"7ad59cae-8632-4881-b5d8-e73e294ed238\", \"type\": \"rich_text\", \"value\": \"<p data-block-key=\\\"m5704\\\">\\u2026\\u00a0but the mypy pre-commit hook was complaining about one more required dependency after another, until I realise I realised I was about to completely re-create pretty much my entire Python virtual environment, invisibly, in the background, just for this hook to run.</p><p data-block-key=\\\"aflgm\\\">And it's not like <code>mypy</code> was going to change anything, so the principle of isolating pre-commit hooks in their own virtual environments for safety (or whatever) reasons seemed moot. Surely there had to be a better way?</p><h4 data-block-key=\\\"7p5be\\\">The better way</h4><p data-block-key=\\\"6qb5k\\\">As you might have guessed by now, the better way came in the form of abandoning the mypy pre-commit hook package completely, just using <code>repo: local</code>, and telling pre-commit what it was I wanted it to run against my already-built virtual environment:</p>\"}, {\"id\": \"e2829a7f-fcb4-445d-84a4-5d2f0a082f2d\", \"type\": \"code\", \"value\": {\"code\": \"- repo: local\\r\\n    hooks:\\r\\n      - id: mypy\\r\\n        name: Type-check Python with mypy\\r\\n        language: python\\r\\n        types: [python]\\r\\n        entry: mypy\\r\\n        args: [\\\"--config-file=pyproject.toml\\\"]\", \"language\": \"yaml\"}}, {\"id\": \"9810f7db-f8d5-49cb-9e85-6a6ce1955e6b\", \"type\": \"rich_text\", \"value\": \"<p data-block-key=\\\"m5704\\\">So, yeah. For many pre-commit checks, it might be easier to <i>not</i> go looking for a third-party repository, and just call what you want, when you want, how you want.</p>\"}, {\"id\": \"b5fa2420-a43c-445a-8706-7c3269a91772\", \"type\": \"code\", \"value\": {\"code\": \"\\u276f pre-commit run mypy --all-files\\r\\nType-check Python with mypy..............Passed\", \"language\": \"bash\"}}]",
    "page_type": null
  }
},
{
  "model": "picata.article",
  "pk": 9,
  "fields": {
    "tagline": "\"Import only what you need to survive\"",
    "summary": "<p data-block-key=\"lh6z1\">Development server running out of memory? Or maybe your <code>runserver</code> process is taking forever to load, and other management commands take too long? Here are some optimisation tips I used to speed up – and slim down – every part of my Django development experience.</p>",
    "content": "[{\"id\": \"5462860b-3278-4e40-bdc0-4d8a2d16d5ea\", \"type\": \"rich_text\", \"value\": \"<h2 data-block-key=\\\"qkuhz\\\">The basics</h2><p data-block-key=\\\"8nbms\\\">Your <a href=\\\"https://docs.djangoproject.com/en/5.1/topics/settings/\\\">Django settings</a> are conceptually fairly simple, and should be <i>kept</i> simple in practice. For most purposes it's generally best to just start with three modules under your <code>(project).settings</code> package\\u2026</p><ul><li data-block-key=\\\"5oef0\\\"><code>base.py</code> for the vast majority of defaults not affected by the environment</li><li data-block-key=\\\"34l3c\\\"><code>dev.py</code>, importing everything from <code>base.py</code> and adding dev/debug settings</li><li data-block-key=\\\"83kac\\\"><code>prod.py</code>, importing everything from <code>base.py</code> and adding production settings</li></ul><p data-block-key=\\\"4ktc2\\\">I'd also go so far as to argue that your concrete settings files are literally the only place in a codebase where it's acceptable to just \\\"import star\\\", though hopefully you're using Ruff or a similar linter, and at least acknowledge the potential folly with an ignore directive\\u2026</p>\"}, {\"id\": \"956e470b-4eb4-4f34-9839-d38f1d7047b4\", \"type\": \"code\", \"value\": {\"code\": \"from .base import *  # noqa: F403\", \"language\": \"python\"}}, {\"id\": \"bc7bb96e-766e-4f2d-bfd2-5503f05e2ce6\", \"type\": \"rich_text\", \"value\": \"<h2 data-block-key=\\\"e8850\\\">Something fishy going on</h2><p data-block-key=\\\"6m1us\\\">Some time into development, after na\\u00efvely adding a lot of \\\"dev-mode-and-debugging\\\" stuff to my <code>dev.py</code>, I noticed a few of things:</p><ul><li data-block-key=\\\"3u0k\\\">My dev servers (which were DigitalOcean droplets with 2cpus &amp; 8 gigs of ram at the time) were running out of memory a lot more often than they should</li><li data-block-key=\\\"4q5un\\\"><code>runserver_plus</code>was taking <i>ages</i> to start serving pages</li><li data-block-key=\\\"bh62j\\\"><code>django-admin</code> commands were taking unusually long to run</li><li data-block-key=\\\"96hss\\\"><code>mypy</code> was taking yonks to do its thing, and <code>mypyd</code> was the main process eating up all of my precious memory</li></ul>\"}, {\"id\": \"1a850079-9156-4e4b-8ec7-46a75d51feb1\", \"type\": \"rich_text\", \"value\": \"<h2 data-block-key=\\\"6npb3\\\">The diagnosis</h2><p data-block-key=\\\"63aaj\\\">So yes, the thing is, if your \\\"dev settings\\\" just turn everything on at the module level then all those things are going to be imported and run whenever <i>any</i> Django management command runs.</p><p data-block-key=\\\"2dkm\\\">If you've moved at all beyond the basics, that might mean you're loading <a href=\\\"https://django-extensions.readthedocs.io/en/latest/\\\"><code>django-extensions</code></a> and the <a href=\\\"https://django-debug-toolbar.readthedocs.io/en/latest/\\\">Django Debug Toolbar</a> into your code with every command, and if you've stepped into the wonderful world of static type-checking you might be letting <a href=\\\"https://github.com/typeddjango/django-stubs\\\"><code>django-stubs</code></a> monkey-patch your code. (Or at least I was\\u2026)</p><p data-block-key=\\\"6ni74\\\">But: I found I don't actually need <code>django-extensions</code> for anything at all besides <code>runserver(_plus)</code>, and monkey-patching type-hints into Django is resource intensive, and only needed for <code>mypy[d]</code>.</p>\"}, {\"id\": \"67e42a76-b7d9-4831-bbbc-3ba28829d167\", \"type\": \"rich_text\", \"value\": \"<h2 data-block-key=\\\"rltrc\\\">The solutions</h2><h3 data-block-key=\\\"akm1c\\\">Conditional settings &amp; discovering the execution context</h3><p data-block-key=\\\"5jd4d\\\">Django doesn't provide an immediately obvious way for you to tell exactly what spawned the code that's currently being imported\\u2026</p><p data-block-key=\\\"73alp\\\">Your <code>manage.py</code> is a simple little file that generally remains untouched, and acts as the entry-point for the <code>django-admin</code> command (assuming you aren't already just running things with <code>python manage.py</code>) \\u2013 but people can and do often augment it for their own purposes and this is an ideal time to add a couple of lines before that final <code>execute_from_command_line(argv)</code> call:</p>\"}, {\"id\": \"eefff5a9-072d-4441-97b7-b1539a202111\", \"type\": \"code\", \"value\": {\"code\": \"if len(argv) >= 2:  # noqa: PLR2004\\r\\n    environ.setdefault(\\\"DJANGO_MANAGEMENT_COMMAND\\\", argv[1])\\r\\n\\r\\nfrom django.core.management import execute_from_command_line\\r\\n\\r\\nexecute_from_command_line(argv)\", \"language\": \"python\"}}, {\"id\": \"a5c6cf0d-2bf2-4a29-ae68-f066f94c5435\", \"type\": \"rich_text\", \"value\": \"<p data-block-key=\\\"x2vz7\\\">And now you can selectively and exclusively import <code>django-extensions</code> and all the DJDT stuff when you know you're in a <code>runserver</code> or <code>runserver_plus</code> context with something like like this in your <code>(project).settings.dev</code> module:</p>\"}, {\"id\": \"7240bf41-70ec-479d-9b25-85b556113571\", \"type\": \"code\", \"value\": {\"code\": \"if getenv(\\\"DJANGO_MANAGEMENT_COMMAND\\\", \\\"\\\").startswith(\\\"runserver\\\"):\\r\\n    RUNSERVERPLUS_POLLER_RELOADER_TYPE = \\\"watchdog\\\"\\r\\n    RUNSERVER_PLUS_EXCLUDE_PATTERNS = [\\r\\n        \\\".venv/*\\\",\\r\\n        \\\".vscode/*\\\",\\r\\n        \\\"node_modules/*\\\",\\r\\n        \\\"media/*\\\",\\r\\n        \\\"src/migrations/*\\\",\\r\\n        \\\"static/*\\\",\\r\\n    ]\\r\\n\\r\\n    # Enable Django Debug Toolbar and runserver_plus\\r\\n    INSTALLED_APPS += [\\r\\n        \\\"debug_toolbar\\\",\\r\\n        \\\"django_extensions\\\",\\r\\n    ]\\r\\n    MIDDLEWARE = [\\\"debug_toolbar.middleware.DebugToolbarMiddleware\\\", *MIDDLEWARE]\", \"language\": \"python\"}}, {\"id\": \"95e5f16f-08ba-4c17-9a22-74dd47e8aaa9\", \"type\": \"rich_text\", \"value\": \"<p data-block-key=\\\"x2vz7\\\">(and yes there are a few hints for <a href=\\\"https://django-extensions.readthedocs.io/en/latest/runserver_plus.html#io-calls-and-cpu-usage\\\">other optimisations you should consider</a> if you haven't already, embedded in that block of code.)</p>\"}, {\"id\": \"fc562879-e5f4-4ba1-8652-15318e91b3d8\", \"type\": \"rich_text\", \"value\": \"<h3 data-block-key=\\\"x2vz7\\\">Settings exclusive to <code>mypy</code> (or whatever the kids are typing-checking with these days)</h3><p data-block-key=\\\"cbguh\\\">This brings us to the \\\"in 4 parts\\\" bit of this post. I now have a forth settings module in the form of <code>mypy.py</code> which consists entirely of:</p>\"}, {\"id\": \"f9d368d0-1254-4ba7-ba13-24d63bc9a7cd\", \"type\": \"code\", \"value\": {\"code\": \"\\\"\\\"\\\"Django settings for the mypy type-checking daemon.\\\"\\\"\\\"\\r\\n\\r\\nimport django_stubs_ext\\r\\n\\r\\nfrom .dev import *  # noqa: F403\\r\\n\\r\\ndjango_stubs_ext.monkeypatch()\", \"language\": \"python\"}}, {\"id\": \"856e31fe-697d-4b07-a4fd-8da214c55ff4\", \"type\": \"rich_text\", \"value\": \"<p data-block-key=\\\"x2vz7\\\">\\u2026\\u00a0and then we can ensure the heavy burden of <a href=\\\"https://github.com/typeddjango/django-stubs\\\">monkey-patching Django with type-hinting stubs</a> happens when (and only when) needed by adding adding to our <code>pyproject.toml</code>:</p>\"}, {\"id\": \"2efa12b4-15bf-4775-b331-1ef58b13dee1\", \"type\": \"code\", \"value\": {\"code\": \"[tool.django-stubs]\\r\\ndjango_settings_module = \\\"(project).settings.mypy\\\"\", \"language\": \"toml\"}}, {\"id\": \"7e354794-1415-4e6e-b049-79ffaac523a8\", \"type\": \"rich_text\", \"value\": \"<p data-block-key=\\\"ejdzv\\\">\\u2013 that means:</p><ol><li data-block-key=\\\"4auth\\\">any <code>mypyd</code> processes VS Code might launch if you've got an extension like <code>matangover.mypy</code> installed, and</li><li data-block-key=\\\"1fo9p\\\">the <code>mypy</code> process itself, which is great to run as a <a href=\\\"https://pre-commit.com\\\">pre-commit</a> hook.</li></ol>\"}, {\"id\": \"8ebf1316-b2c0-4e01-9c3d-96b6e017c8c4\", \"type\": \"rich_text\", \"value\": \"<h2 data-block-key=\\\"x2vz7\\\">The result\\u2026</h2><ul><li data-block-key=\\\"1ihcp\\\"><code>runserver[_plus]</code> need not waste your resources on loading Django stubs</li><li data-block-key=\\\"cb7r0\\\"><code>mypy[d]</code> won't be wasting cycles &amp; memory on debug stuff meant only for you</li><li data-block-key=\\\"35kj4\\\">All the other Django management commands aren't bogged down by your debugging code or monkey-patched type-hints</li></ul><p data-block-key=\\\"9b6pl\\\">\\u2026 and you can be happier, and iterate faster, on smaller development boxes. And isn't that what it's <i>really</i> all about?</p>\"}]",
    "page_type": null
  }
},
{
  "model": "picata.article",
  "pk": 11,
  "fields": {
    "tagline": "",
    "summary": "<p data-block-key=\"p5xay\">Step 1: provision your boxes</p>",
    "content": "[{\"id\": \"785a5567-4d56-42b7-9708-175a4a8762a9\", \"type\": \"rich_text\", \"value\": \"<p data-block-key=\\\"gcdx6\\\">Okay let's get started\\u2026</p>\"}]",
    "page_type": null
  }
},
{
  "model": "picata.article",
  "pk": 12,
  "fields": {
    "tagline": "",
    "summary": "<p data-block-key=\"9oba4\">Eschewing IaC, we look at the fast-enough and literally-step-by-step approach to telling a box in the cloud how to set up \"all the things\".</p>",
    "content": "[]",
    "page_type": null
  }
},
{
  "model": "picata.postgrouppage",
  "pk": 4,
  "fields": {
    "intro": "<h1 data-block-key=\"5neok\">Things I've Posted</h1><p data-block-key=\"c6dtn\"></p>"
  }
},
{
  "model": "picata.socialsettings",
  "pk": 1,
  "fields": {
    "site": 1,
    "default_social_image": 1
  }
},
{
  "model": "picata.homepage",
  "pk": 3,
  "fields": {
    "top_content": "[{\"id\": \"2feced3d-03b3-4be0-8041-03372f10a51f\", \"type\": \"rich_text\", \"value\": \"<h1 data-block-key=\\\"a8bgp\\\"><b>About me</b></h1><p data-block-key=\\\"b365o\\\">Welcome! I'm a software developer from Perth, Western Australia, who's mostly worked with full web stacks, but generally love all things Python, and many things DevOps.</p><p data-block-key=\\\"80r3k\\\">This is my blog / personal website / little, decentralised, hand-rolled place on the internet where I can post and rant.</p>\"}, {\"id\": \"105f9b46-27dd-4ebb-9032-42b5e892fab4\", \"type\": \"icon_link_lists\", \"value\": {\"lists\": [{\"id\": \"3f0a5bc8-d317-4782-b7e1-ae3e35a603ed\", \"type\": \"link_list\", \"value\": {\"items\": [{\"id\": \"5512d3ad-82c2-461c-8a24-ae4b433b7648\", \"type\": \"item\", \"value\": {\"href\": \"https://mastodon.social/@hipikat\", \"icon\": \"mastodon\", \"label\": \"Mastodon\"}}, {\"id\": \"d2be4414-f648-413e-a38f-07198f143902\", \"type\": \"item\", \"value\": {\"href\": \"https://bsky.app/profile/hipikat.bsky.social\", \"icon\": \"bluesky\", \"label\": \"Bluesky\"}}, {\"id\": \"2db41738-71ea-4a78-a706-35582f5a6534\", \"type\": \"item\", \"value\": {\"href\": \"https://github.com/hipikat\", \"icon\": \"github\", \"label\": \"GitHub\"}}, {\"id\": \"ad8fa80c-a966-4416-8f24-32718011f2ec\", \"type\": \"item\", \"value\": {\"href\": \"http://linkedin.com/in/hipikat/\", \"icon\": \"linkedin\", \"label\": \"LinkedIn\"}}, {\"id\": \"8cd4e344-da9b-45ba-b47c-6c38a36fde59\", \"type\": \"item\", \"value\": {\"href\": \"https://www.facebook.com/hipikat\", \"icon\": \"facebook\", \"label\": \"Facebook\"}}, {\"id\": \"a39f3f50-3c70-48db-89ea-0f9d47f5a23e\", \"type\": \"item\", \"value\": {\"href\": \"https://www.threads.net/@hipikat\", \"icon\": \"threads\", \"label\": \"Threads\"}}, {\"id\": \"34bf78f0-e961-42c7-b09d-cbfbd5430b57\", \"type\": \"item\", \"value\": {\"href\": \"https://www.instagram.com/hipikat/\", \"icon\": \"instagram\", \"label\": \"Instagram\"}}, {\"id\": \"3aedf5e1-3655-4326-aee4-ae5fa5d3be9c\", \"type\": \"item\", \"value\": {\"href\": \"https://www.youtube.com/@adawright2895\", \"icon\": \"youtube\", \"label\": \"YouTube\"}}, {\"id\": \"85b28960-e836-48d2-ae3d-847e80b08603\", \"type\": \"item\", \"value\": {\"href\": \"https://www.twitch.tv/chipikat\", \"icon\": \"twitch\", \"label\": \"Twitch\"}}, {\"id\": \"5544cb23-207e-495c-a657-5c63ab119559\", \"type\": \"item\", \"value\": {\"href\": \"https://x.com/pypikat\", \"icon\": \"twitter\", \"label\": \"\\\"X\\\" (2007-2022)\"}}], \"heading\": \"Socials\", \"heading_level\": 1}}, {\"id\": \"f9a1fe15-ecd3-4e6f-ae9e-063eb9ad7afc\", \"type\": \"link_list\", \"value\": {\"items\": [{\"id\": \"5512d3ad-82c2-461c-8a24-ae4b433b7648\", \"type\": \"item\", \"value\": {\"href\": \"mailto:ada@hpk.io\", \"icon\": \"email\", \"label\": \"Email\"}}, {\"id\": \"b0a08281-a602-453f-afaa-225d52177e3d\", \"type\": \"item\", \"value\": {\"href\": \"http://t.me/hipikat\", \"icon\": \"telegram\", \"label\": \"Telegram\"}}], \"heading\": \"Contact me\", \"heading_level\": 3}}]}}]",
    "bottom_content": "[]"
  }
},
{
  "model": "picata.postseries",
  "pk": 10,
  "fields": {
    "summary": "<p data-block-key=\"lhddo\">A step-by-step guide to deploying a Django app, for both development and production servers, to a single server in the cloud – using OpenTofu (a fork of Terraform), targeting DigitalOcean, utilising Just to manage the shell-scripting glue, and a <i>hell</i> of a lot of cloud-init.</p>",
    "introduction": "[{\"id\": \"8110632c-348c-4f52-98fa-bfd359249e99\", \"type\": \"rich_text\", \"value\": \"<p data-block-key=\\\"xftwa\\\">The following is basically a walk-through of what I use to deploy this site. The <i>vast</i> majority of configuration is shared between between development, staging, test &amp; production environments, with features toggled and controlled entirely though settings files &amp; environment variables.</p><blockquote data-block-key=\\\"3ok7f\\\"><a href=\\\"https://github.com/hipikat/hpk.io\\\">This site's code is open source, MIT-licensed and publicly available on GitHub</a>, in case you want to see what I've been doing with it lately, or dig deeper into the code snippets offered below \\u2013\\u00a0but I'll try to keep this article as a \\\"live document\\\", and update it when anything significant changes.</blockquote><h2 data-block-key=\\\"4irsa\\\">The stack, or In Praise of Simplicity</h2><h3 data-block-key=\\\"6f3m3\\\">Just</h3><p data-block-key=\\\"dard0\\\">I use <a href=\\\"https://just.systems\\\">Just</a> as a command runner, with <a href=\\\"https://github.com/hipikat/hpk.io/blob/main/Justfile\\\">one very big Justfile</a>, and I can't recommend it highly enough. Shell scripts are alive and well [okay, well, as well as they've ever been] as the glue that holds all of \\\"computing\\\" and \\\"the internet\\\" together, whether you like it or not. Probably not.</p><p data-block-key=\\\"70uon\\\">Embracing Just amalgamates the dozens-to-hundreds of shell scripts any real project needs into a nice, sensible, single source. But if you're not into it or can't install it on that locked-down corporate server for some reason, the code <i>inside</i> my Justfile recipes is more-or-less POSIX-compliant shell script; you might just have to manage their yourself.</p><h3 data-block-key=\\\"3jt62\\\">OpenTofu</h3><p data-block-key=\\\"24ilr\\\">Hopefully you're familiar with <a href=\\\"https://www.terraform.io\\\">Terraform</a>? After HashiCorp changed it to use a Business Source License (BSL), it was <a href=\\\"https://opentofu.org/blog/opentofu-announces-fork-of-terraform/\\\">forked into OpenTofu</a>, which aims to be backwards compatible and retain feature parity. At least for small use-cases such as the one here you can basically just type <code>tofu</code> instead of <code>terraform</code>. Or you could just use Terraform. Either way, \\\"tofu\\\" requires 5 fewer key-strokes.</p><h3 data-block-key=\\\"fhani\\\">cloud-init</h3><p data-block-key=\\\"2k2ut\\\">Don't get me wrong; I <i>love</i> Infrastructure as Code (aka Iac); I've invested countless hours getting to grips with <a href=\\\"https://saltproject.io\\\">Salt</a> in my spare time, and working with <a href=\\\"https://www.puppet.com\\\">Puppet</a> professionally. But when I wanted to start deploying development servers as easily and cheaply as possible\\u00a0I started with a <a href=\\\"https://cloud-init.io\\\">cloud-init</a> script, because even if I wanted to go full-on IaC later, that provided the quickest way to iterate and actually make sure everything was going where it was meant to be.</p><p data-block-key=\\\"7js5j\\\">And it turned out the time-to-deployment was so low (roughly 5 minutes), that it just hasn't been worth re-implementing everything you're about to see before you in higher-level abstractions.</p>\"}]"
  }
},
{
  "model": "wagtailredirects.redirect",
  "pk": 1,
  "fields": {
    "old_path": "/blog/pre-commit-python-types-virtual-envs",
    "site": 1,
    "is_permanent": true,
    "redirect_page": 7,
    "redirect_page_route_path": "",
    "redirect_link": "",
    "automatically_created": true,
    "created_at": "2025-01-31T03:21:50.206Z"
  }
},
{
  "model": "wagtailusers.userprofile",
  "pk": 1,
  "fields": {
    "user": 2,
    "submitted_notifications": true,
    "approved_notifications": true,
    "rejected_notifications": true,
    "updated_comments_notifications": true,
    "preferred_language": "",
    "current_time_zone": "",
    "avatar": "",
    "dismissibles": {
      "help": true,
      "editor-guide": true,
      "whats-new-in-wagtail-6.3": true
    },
    "theme": "system",
    "contrast": "system",
    "density": "default"
  }
},
{
  "model": "wagtailimages.image",
  "pk": 1,
  "fields": {
    "collection": 1,
    "title": "Ada profile - bear onesie",
    "file": "original_images/ada-social-bear.jpg",
    "description": "Ada in a Peter Alexander bear onesie",
    "width": 1200,
    "height": 630,
    "created_at": "2025-01-24T06:20:55.819Z",
    "uploaded_by_user": 2,
    "focal_point_x": null,
    "focal_point_y": null,
    "focal_point_width": null,
    "focal_point_height": null,
    "file_size": 128453,
    "file_hash": "d789d310e6467e09215802ae4c783204029a438b"
  }
},
{
  "model": "wagtailimages.rendition",
  "pk": 1,
  "fields": {
    "filter_spec": "max-165x165",
    "file": "images/ada-social-bear.max-165x165.jpg",
    "width": 165,
    "height": 86,
    "focal_point_key": "",
    "image": 1
  }
},
{
  "model": "wagtailimages.rendition",
  "pk": 2,
  "fields": {
    "filter_spec": "fill-1200x630",
    "file": "images/ada-social-bear.2e16d0ba.fill-1200x630.jpg",
    "width": 1200,
    "height": 630,
    "focal_point_key": "2e16d0ba",
    "image": 1
  }
},
{
  "model": "wagtailadmin.editingsession",
  "pk": 59,
  "fields": {
    "user": 2,
    "content_type": 1,
    "object_id": "10",
    "last_seen_at": "2025-02-15T09:31:24.732Z",
    "is_editing": false
  }
},
{
  "model": "wagtailadmin.editingsession",
  "pk": 67,
  "fields": {
    "user": 2,
    "content_type": 1,
    "object_id": "11",
    "last_seen_at": "2025-02-15T09:31:38.690Z",
    "is_editing": false
  }
},
{
  "model": "wagtailadmin.editingsession",
  "pk": 68,
  "fields": {
    "user": 2,
    "content_type": 1,
    "object_id": "12",
    "last_seen_at": "2025-02-15T09:37:06.475Z",
    "is_editing": false
  }
},
{
  "model": "wagtailcore.locale",
  "pk": 1,
  "fields": {
    "language_code": "en"
  }
},
{
  "model": "wagtailcore.site",
  "pk": 1,
  "fields": {
    "hostname": "hpk.io",
    "port": 80,
    "site_name": "Ada Writes",
    "root_page": 3,
    "is_default_site": true
  }
},
{
  "model": "wagtailcore.modellogentry",
  "pk": 1,
  "fields": {
    "content_type": 49,
    "label": "ada",
    "action": "wagtail.create",
    "data": {},
    "timestamp": "2025-01-24T00:47:21.185Z",
    "uuid": "ed2a6b20-9da9-4c66-a0e1-81aef55a1959",
    "user": 1,
    "revision": null,
    "content_changed": true,
    "deleted": false,
    "object_id": "2"
  }
},
{
  "model": "wagtailcore.modellogentry",
  "pk": 2,
  "fields": {
    "content_type": 5,
    "label": "Ada Writes [default]",
    "action": "wagtail.edit",
    "data": {},
    "timestamp": "2025-01-24T00:54:22.403Z",
    "uuid": "e0455079-7854-47e1-b1ac-4ebc865b2a04",
    "user": 2,
    "revision": null,
    "content_changed": true,
    "deleted": false,
    "object_id": "1"
  }
},
{
  "model": "wagtailcore.modellogentry",
  "pk": 3,
  "fields": {
    "content_type": 36,
    "label": "social settings for Ada Writes [default]",
    "action": "wagtail.edit",
    "data": {},
    "timestamp": "2025-01-24T06:21:03.369Z",
    "uuid": "2f17484a-1f4d-4ce4-aa94-3a18edf6cda5",
    "user": 2,
    "revision": null,
    "content_changed": true,
    "deleted": false,
    "object_id": "1"
  }
},
{
  "model": "wagtailcore.collection",
  "pk": 1,
  "fields": {
    "path": "0001",
    "depth": 1,
    "numchild": 0,
    "name": "Root"
  }
},
{
  "model": "wagtailcore.groupcollectionpermission",
  "pk": 1,
  "fields": {
    "group": 1,
    "collection": 1,
    "permission": 1
  }
},
{
  "model": "wagtailcore.groupcollectionpermission",
  "pk": 2,
  "fields": {
    "group": 2,
    "collection": 1,
    "permission": 1
  }
},
{
  "model": "wagtailcore.groupcollectionpermission",
  "pk": 3,
  "fields": {
    "group": 1,
    "collection": 1,
    "permission": 2
  }
},
{
  "model": "wagtailcore.groupcollectionpermission",
  "pk": 4,
  "fields": {
    "group": 2,
    "collection": 1,
    "permission": 2
  }
},
{
  "model": "wagtailcore.groupcollectionpermission",
  "pk": 5,
  "fields": {
    "group": 1,
    "collection": 1,
    "permission": 106
  }
},
{
  "model": "wagtailcore.groupcollectionpermission",
  "pk": 6,
  "fields": {
    "group": 2,
    "collection": 1,
    "permission": 106
  }
},
{
  "model": "wagtailcore.groupcollectionpermission",
  "pk": 7,
  "fields": {
    "group": 1,
    "collection": 1,
    "permission": 107
  }
},
{
  "model": "wagtailcore.groupcollectionpermission",
  "pk": 8,
  "fields": {
    "group": 2,
    "collection": 1,
    "permission": 107
  }
},
{
  "model": "wagtailcore.groupcollectionpermission",
  "pk": 9,
  "fields": {
    "group": 1,
    "collection": 1,
    "permission": 109
  }
},
{
  "model": "wagtailcore.groupcollectionpermission",
  "pk": 10,
  "fields": {
    "group": 2,
    "collection": 1,
    "permission": 109
  }
},
{
  "model": "wagtailcore.referenceindex",
  "pk": 1,
  "fields": {
    "content_type": 2,
    "base_content_type": 2,
    "object_id": "1",
    "to_content_type": 8,
    "to_object_id": "1",
    "model_path": "collection",
    "content_path": "collection",
    "content_path_hash": "b40b1263-e929-57f2-a7f8-9dbce56b887b"
  }
},
{
  "model": "wagtailcore.referenceindex",
  "pk": 44,
  "fields": {
    "content_type": 34,
    "base_content_type": 1,
    "object_id": "6",
    "to_content_type": 31,
    "to_object_id": "6",
    "model_path": "tagged_items.item.tag",
    "content_path": "tagged_items.32.tag",
    "content_path_hash": "b4c7d564-7073-5695-9db3-2ea9aea0f4a5"
  }
},
{
  "model": "wagtailcore.referenceindex",
  "pk": 45,
  "fields": {
    "content_type": 34,
    "base_content_type": 1,
    "object_id": "6",
    "to_content_type": 31,
    "to_object_id": "3",
    "model_path": "tagged_items.item.tag",
    "content_path": "tagged_items.29.tag",
    "content_path_hash": "01738ef4-0f5f-5aa2-a596-13297a7d640b"
  }
},
{
  "model": "wagtailcore.referenceindex",
  "pk": 46,
  "fields": {
    "content_type": 34,
    "base_content_type": 1,
    "object_id": "6",
    "to_content_type": 31,
    "to_object_id": "4",
    "model_path": "tagged_items.item.tag",
    "content_path": "tagged_items.30.tag",
    "content_path_hash": "83102150-5163-51c9-94d0-0d47c944dee9"
  }
},
{
  "model": "wagtailcore.referenceindex",
  "pk": 47,
  "fields": {
    "content_type": 34,
    "base_content_type": 1,
    "object_id": "6",
    "to_content_type": 31,
    "to_object_id": "5",
    "model_path": "tagged_items.item.tag",
    "content_path": "tagged_items.31.tag",
    "content_path_hash": "999edc45-2894-58ff-b45e-d1b4b18f4149"
  }
},
{
  "model": "wagtailcore.referenceindex",
  "pk": 68,
  "fields": {
    "content_type": 34,
    "base_content_type": 1,
    "object_id": "5",
    "to_content_type": 31,
    "to_object_id": "1",
    "model_path": "tagged_items.item.tag",
    "content_path": "tagged_items.None.tag",
    "content_path_hash": "ba6661ca-69a8-5ae1-a6aa-fb67dbf805eb"
  }
},
{
  "model": "wagtailcore.referenceindex",
  "pk": 69,
  "fields": {
    "content_type": 34,
    "base_content_type": 1,
    "object_id": "5",
    "to_content_type": 31,
    "to_object_id": "15",
    "model_path": "tagged_items.item.tag",
    "content_path": "tagged_items.None.tag",
    "content_path_hash": "ba6661ca-69a8-5ae1-a6aa-fb67dbf805eb"
  }
},
{
  "model": "wagtailcore.referenceindex",
  "pk": 70,
  "fields": {
    "content_type": 34,
    "base_content_type": 1,
    "object_id": "5",
    "to_content_type": 31,
    "to_object_id": "2",
    "model_path": "tagged_items.item.tag",
    "content_path": "tagged_items.None.tag",
    "content_path_hash": "ba6661ca-69a8-5ae1-a6aa-fb67dbf805eb"
  }
},
{
  "model": "wagtailcore.referenceindex",
  "pk": 141,
  "fields": {
    "content_type": 34,
    "base_content_type": 1,
    "object_id": "9",
    "to_content_type": 31,
    "to_object_id": "16",
    "model_path": "tagged_items.item.tag",
    "content_path": "tagged_items.None.tag",
    "content_path_hash": "ba6661ca-69a8-5ae1-a6aa-fb67dbf805eb"
  }
},
{
  "model": "wagtailcore.referenceindex",
  "pk": 142,
  "fields": {
    "content_type": 34,
    "base_content_type": 1,
    "object_id": "9",
    "to_content_type": 31,
    "to_object_id": "19",
    "model_path": "tagged_items.item.tag",
    "content_path": "tagged_items.None.tag",
    "content_path_hash": "ba6661ca-69a8-5ae1-a6aa-fb67dbf805eb"
  }
},
{
  "model": "wagtailcore.referenceindex",
  "pk": 143,
  "fields": {
    "content_type": 34,
    "base_content_type": 1,
    "object_id": "9",
    "to_content_type": 31,
    "to_object_id": "18",
    "model_path": "tagged_items.item.tag",
    "content_path": "tagged_items.None.tag",
    "content_path_hash": "ba6661ca-69a8-5ae1-a6aa-fb67dbf805eb"
  }
},
{
  "model": "wagtailcore.referenceindex",
  "pk": 144,
  "fields": {
    "content_type": 34,
    "base_content_type": 1,
    "object_id": "9",
    "to_content_type": 31,
    "to_object_id": "17",
    "model_path": "tagged_items.item.tag",
    "content_path": "tagged_items.None.tag",
    "content_path_hash": "ba6661ca-69a8-5ae1-a6aa-fb67dbf805eb"
  }
},
{
  "model": "wagtailcore.referenceindex",
  "pk": 169,
  "fields": {
    "content_type": 34,
    "base_content_type": 1,
    "object_id": "7",
    "to_content_type": 31,
    "to_object_id": "10",
    "model_path": "tagged_items.item.tag",
    "content_path": "tagged_items.None.tag",
    "content_path_hash": "ba6661ca-69a8-5ae1-a6aa-fb67dbf805eb"
  }
},
{
  "model": "wagtailcore.referenceindex",
  "pk": 170,
  "fields": {
    "content_type": 34,
    "base_content_type": 1,
    "object_id": "7",
    "to_content_type": 31,
    "to_object_id": "8",
    "model_path": "tagged_items.item.tag",
    "content_path": "tagged_items.None.tag",
    "content_path_hash": "ba6661ca-69a8-5ae1-a6aa-fb67dbf805eb"
  }
},
{
  "model": "wagtailcore.referenceindex",
  "pk": 171,
  "fields": {
    "content_type": 34,
    "base_content_type": 1,
    "object_id": "7",
    "to_content_type": 31,
    "to_object_id": "9",
    "model_path": "tagged_items.item.tag",
    "content_path": "tagged_items.None.tag",
    "content_path_hash": "ba6661ca-69a8-5ae1-a6aa-fb67dbf805eb"
  }
},
{
  "model": "wagtailcore.referenceindex",
  "pk": 172,
  "fields": {
    "content_type": 34,
    "base_content_type": 1,
    "object_id": "7",
    "to_content_type": 31,
    "to_object_id": "7",
    "model_path": "tagged_items.item.tag",
    "content_path": "tagged_items.None.tag",
    "content_path_hash": "ba6661ca-69a8-5ae1-a6aa-fb67dbf805eb"
  }
},
{
  "model": "wagtailcore.page",
  "pk": 1,
  "fields": {
    "path": "0001",
    "depth": 1,
    "numchild": 1,
    "translation_key": "a443c28d-cb9d-4b5c-93e1-1117a5ae7e2a",
    "locale": 1,
    "latest_revision": null,
    "live": true,
    "has_unpublished_changes": false,
    "first_published_at": null,
    "last_published_at": null,
    "live_revision": null,
    "go_live_at": null,
    "expire_at": null,
    "expired": false,
    "locked": false,
    "locked_at": null,
    "locked_by": null,
    "title": "Root",
    "draft_title": "Root",
    "slug": "root",
    "content_type": 1,
    "url_path": "/",
    "owner": null,
    "seo_title": "",
    "show_in_menus": false,
    "search_description": "",
    "latest_revision_created_at": null,
    "alias_of": null
  }
},
{
  "model": "wagtailcore.page",
  "pk": 3,
  "fields": {
    "path": "00010002",
    "depth": 2,
    "numchild": 1,
    "translation_key": "9581f3d4-7fab-4cc6-84a3-89de1f5870d3",
    "locale": 1,
    "latest_revision": 11,
    "live": true,
    "has_unpublished_changes": false,
    "first_published_at": "2025-01-01T00:54:57.256Z",
    "last_published_at": "2025-01-01T04:12:20.486Z",
    "live_revision": 11,
    "go_live_at": null,
    "expire_at": null,
    "expired": false,
    "locked": false,
    "locked_at": null,
    "locked_by": null,
    "title": "Home",
    "draft_title": "Home",
    "slug": "home",
    "content_type": 30,
    "url_path": "/home/",
    "owner": 2,
    "seo_title": "Ada Wright writes here",
    "show_in_menus": true,
    "search_description": "I'm a software developer from Perth, Australia, who loves most things Python. This is my little hand-crafted blog-cum-personal website-cum-little decentralised rant-hole on the internet.",
    "latest_revision_created_at": "2025-01-01T04:12:20.430Z",
    "alias_of": null
  }
},
{
  "model": "wagtailcore.page",
  "pk": 4,
  "fields": {
    "path": "000100020001",
    "depth": 3,
    "numchild": 5,
    "translation_key": "8ebae3ed-3893-41e8-bf25-6cff8ecdccaa",
    "locale": 1,
    "latest_revision": 23,
    "live": true,
    "has_unpublished_changes": false,
    "first_published_at": "2025-01-01T00:56:10.300Z",
    "last_published_at": "2025-01-27T02:35:39.965Z",
    "live_revision": 23,
    "go_live_at": null,
    "expire_at": null,
    "expired": false,
    "locked": false,
    "locked_at": null,
    "locked_by": null,
    "title": "Blog",
    "draft_title": "Blog",
    "slug": "blog",
    "content_type": 32,
    "url_path": "/home/blog/",
    "owner": 2,
    "seo_title": "",
    "show_in_menus": true,
    "search_description": "",
    "latest_revision_created_at": "2025-01-27T02:35:39.931Z",
    "alias_of": null
  }
},
{
  "model": "wagtailcore.page",
  "pk": 5,
  "fields": {
    "path": "0001000200010001",
    "depth": 4,
    "numchild": 0,
    "translation_key": "9e1ab2ea-0fa2-4155-8900-28294524530f",
    "locale": 1,
    "latest_revision": 26,
    "live": true,
    "has_unpublished_changes": false,
    "first_published_at": "2025-01-26T04:59:33.513Z",
    "last_published_at": "2025-01-27T06:49:58.608Z",
    "live_revision": 26,
    "go_live_at": null,
    "expire_at": null,
    "expired": false,
    "locked": false,
    "locked_at": null,
    "locked_by": null,
    "title": "So I decided to start a blog",
    "draft_title": "So I decided to start a blog",
    "slug": "first-post",
    "content_type": 34,
    "url_path": "/home/blog/first-post/",
    "owner": 2,
    "seo_title": "",
    "show_in_menus": false,
    "search_description": "Where I try to justify the countless hours I've poured into getting this personal website off the ground.",
    "latest_revision_created_at": "2025-01-27T06:49:58.499Z",
    "alias_of": null
  }
},
{
  "model": "wagtailcore.page",
  "pk": 6,
  "fields": {
    "path": "0001000200010002",
    "depth": 4,
    "numchild": 0,
    "translation_key": "d45d4972-76fd-40e7-8b36-486adbb18592",
    "locale": 1,
    "latest_revision": 20,
    "live": false,
    "has_unpublished_changes": true,
    "first_published_at": null,
    "last_published_at": null,
    "live_revision": null,
    "go_live_at": null,
    "expire_at": null,
    "expired": false,
    "locked": false,
    "locked_at": null,
    "locked_by": null,
    "title": "Just using a Justfile",
    "draft_title": "Just using a Justfile",
    "slug": "using-just",
    "content_type": 34,
    "url_path": "/home/blog/just-using-a-justfile/",
    "owner": 2,
    "seo_title": "",
    "show_in_menus": false,
    "search_description": "",
    "latest_revision_created_at": "2025-01-26T08:47:45.762Z",
    "alias_of": null
  }
},
{
  "model": "wagtailcore.page",
  "pk": 7,
  "fields": {
    "path": "0001000200010003",
    "depth": 4,
    "numchild": 0,
    "translation_key": "7411ccc3-82cb-426e-a229-b7af33f5566d",
    "locale": 1,
    "latest_revision": 66,
    "live": true,
    "has_unpublished_changes": false,
    "first_published_at": "2025-01-31T03:13:24.572Z",
    "last_published_at": "2025-01-31T03:21:50.048Z",
    "live_revision": 66,
    "go_live_at": null,
    "expire_at": null,
    "expired": false,
    "locked": false,
    "locked_at": null,
    "locked_by": null,
    "title": "pre-commit, Python typing & virtual envs",
    "draft_title": "pre-commit, Python typing & virtual envs",
    "slug": "pre-commit-and-repo-local",
    "content_type": 34,
    "url_path": "/home/blog/pre-commit-and-repo-local/",
    "owner": 2,
    "seo_title": "",
    "show_in_menus": false,
    "search_description": "",
    "latest_revision_created_at": "2025-01-31T03:21:49.921Z",
    "alias_of": null
  }
},
{
  "model": "wagtailcore.page",
  "pk": 9,
  "fields": {
    "path": "0001000200010005",
    "depth": 4,
    "numchild": 0,
    "translation_key": "51b71484-e6ae-43d7-a62b-59c8b2214a27",
    "locale": 1,
    "latest_revision": 65,
    "live": true,
    "has_unpublished_changes": false,
    "first_published_at": "2025-01-29T03:03:00.924Z",
    "last_published_at": "2025-01-31T03:20:30.350Z",
    "live_revision": 65,
    "go_live_at": null,
    "expire_at": null,
    "expired": false,
    "locked": false,
    "locked_at": null,
    "locked_by": null,
    "title": "Django settings in 4 parts",
    "draft_title": "Django settings in 4 parts",
    "slug": "django-settings-in-4-parts",
    "content_type": 34,
    "url_path": "/home/blog/django-settings-in-4-parts/",
    "owner": 2,
    "seo_title": "",
    "show_in_menus": false,
    "search_description": "",
    "latest_revision_created_at": "2025-01-31T03:20:30.164Z",
    "alias_of": null
  }
},
{
  "model": "wagtailcore.page",
  "pk": 10,
  "fields": {
    "path": "0001000200010006",
    "depth": 4,
    "numchild": 2,
    "translation_key": "55d7808c-e0d0-4c92-b41e-46ade98eda23",
    "locale": 1,
    "latest_revision": 76,
    "live": true,
    "has_unpublished_changes": false,
    "first_published_at": "2025-02-05T01:20:07.847Z",
    "last_published_at": "2025-02-11T23:50:40.015Z",
    "live_revision": 76,
    "go_live_at": null,
    "expire_at": null,
    "expired": false,
    "locked": false,
    "locked_at": null,
    "locked_by": null,
    "title": "Deploying Django all at once",
    "draft_title": "Deploying Django all at once",
    "slug": "deploying-django-all-at-once",
    "content_type": 52,
    "url_path": "/home/blog/deploying-django-all-at-once/",
    "owner": 2,
    "seo_title": "",
    "show_in_menus": false,
    "search_description": "",
    "latest_revision_created_at": "2025-02-11T23:50:39.951Z",
    "alias_of": null
  }
},
{
  "model": "wagtailcore.page",
  "pk": 11,
  "fields": {
    "path": "00010002000100060001",
    "depth": 5,
    "numchild": 0,
    "translation_key": "8519099d-9651-453b-b555-04e52a878b55",
    "locale": 1,
    "latest_revision": 74,
    "live": true,
    "has_unpublished_changes": false,
    "first_published_at": "2025-02-10T00:06:29.864Z",
    "last_published_at": "2025-02-10T00:06:29.864Z",
    "live_revision": 74,
    "go_live_at": null,
    "expire_at": null,
    "expired": false,
    "locked": false,
    "locked_at": null,
    "locked_by": null,
    "title": "OpenTofu to DigitalOcean",
    "draft_title": "OpenTofu to DigitalOcean",
    "slug": "opentofu-to-digitalocean",
    "content_type": 34,
    "url_path": "/home/blog/deploying-django-all-at-once/opentofu-to-digitalocean/",
    "owner": 2,
    "seo_title": "",
    "show_in_menus": false,
    "search_description": "",
    "latest_revision_created_at": "2025-02-10T00:06:29.716Z",
    "alias_of": null
  }
},
{
  "model": "wagtailcore.page",
  "pk": 12,
  "fields": {
    "path": "00010002000100060002",
    "depth": 5,
    "numchild": 0,
    "translation_key": "38756b2b-7695-4dda-b839-04d924de4ffb",
    "locale": 1,
    "latest_revision": 77,
    "live": true,
    "has_unpublished_changes": false,
    "first_published_at": "2025-02-15T03:51:12.694Z",
    "last_published_at": "2025-02-15T03:51:12.694Z",
    "live_revision": 77,
    "go_live_at": null,
    "expire_at": null,
    "expired": false,
    "locked": false,
    "locked_at": null,
    "locked_by": null,
    "title": "The big cloud-init post",
    "draft_title": "The big cloud-init post",
    "slug": "the-big-cloud-init-post",
    "content_type": 34,
    "url_path": "/home/blog/deploying-django-all-at-once/the-big-cloud-init-post/",
    "owner": 2,
    "seo_title": "",
    "show_in_menus": false,
    "search_description": "",
    "latest_revision_created_at": "2025-02-15T03:51:12.542Z",
    "alias_of": null
  }
},
{
  "model": "wagtailcore.revision",
  "pk": 11,
  "fields": {
    "content_type": 30,
    "base_content_type": 1,
    "object_id": "3",
    "created_at": "2025-01-26T04:12:20.430Z",
    "user": 2,
    "object_str": "Home",
    "content": {
      "pk": 3,
      "live": true,
      "path": "00010002",
      "slug": "home",
      "depth": 2,
      "owner": 2,
      "title": "Home",
      "locale": 1,
      "locked": false,
      "expired": false,
      "alias_of": null,
      "numchild": 1,
      "url_path": "/home/",
      "expire_at": null,
      "locked_at": null,
      "locked_by": null,
      "seo_title": "Ada Wright writes here",
      "go_live_at": null,
      "draft_title": "Home",
      "top_content": "[{\"type\": \"rich_text\", \"value\": \"<h1 data-block-key=\\\"a8bgp\\\"><b>About me</b></h1><p data-block-key=\\\"b365o\\\">Welcome! I'm a software developer from Perth, Western Australia, who's mostly worked with full web stacks, but generally love all things Python, and many things DevOps.</p><p data-block-key=\\\"80r3k\\\">This is my blog / personal website / little, decentralised, hand-rolled place on the internet where I can post and rant.</p>\", \"id\": \"2feced3d-03b3-4be0-8041-03372f10a51f\"}, {\"type\": \"icon_link_lists\", \"value\": {\"lists\": [{\"type\": \"link_list\", \"value\": {\"heading\": \"Socials\", \"heading_level\": 1, \"items\": [{\"type\": \"item\", \"value\": {\"href\": \"https://mastodon.social/@hipikat\", \"label\": \"Mastodon\", \"icon\": \"mastodon\"}, \"id\": \"5512d3ad-82c2-461c-8a24-ae4b433b7648\"}, {\"type\": \"item\", \"value\": {\"href\": \"https://bsky.app/profile/hipikat.bsky.social\", \"label\": \"Bluesky\", \"icon\": \"bluesky\"}, \"id\": \"d2be4414-f648-413e-a38f-07198f143902\"}, {\"type\": \"item\", \"value\": {\"href\": \"https://github.com/hipikat\", \"label\": \"GitHub\", \"icon\": \"github\"}, \"id\": \"2db41738-71ea-4a78-a706-35582f5a6534\"}, {\"type\": \"item\", \"value\": {\"href\": \"http://linkedin.com/in/hipikat/\", \"label\": \"LinkedIn\", \"icon\": \"linkedin\"}, \"id\": \"ad8fa80c-a966-4416-8f24-32718011f2ec\"}, {\"type\": \"item\", \"value\": {\"href\": \"https://www.facebook.com/hipikat\", \"label\": \"Facebook\", \"icon\": \"facebook\"}, \"id\": \"8cd4e344-da9b-45ba-b47c-6c38a36fde59\"}, {\"type\": \"item\", \"value\": {\"href\": \"https://www.threads.net/@hipikat\", \"label\": \"Threads\", \"icon\": \"threads\"}, \"id\": \"a39f3f50-3c70-48db-89ea-0f9d47f5a23e\"}, {\"type\": \"item\", \"value\": {\"href\": \"https://www.instagram.com/hipikat/\", \"label\": \"Instagram\", \"icon\": \"instagram\"}, \"id\": \"34bf78f0-e961-42c7-b09d-cbfbd5430b57\"}, {\"type\": \"item\", \"value\": {\"href\": \"https://www.youtube.com/@adawright2895\", \"label\": \"YouTube\", \"icon\": \"youtube\"}, \"id\": \"3aedf5e1-3655-4326-aee4-ae5fa5d3be9c\"}, {\"type\": \"item\", \"value\": {\"href\": \"https://www.twitch.tv/chipikat\", \"label\": \"Twitch\", \"icon\": \"twitch\"}, \"id\": \"85b28960-e836-48d2-ae3d-847e80b08603\"}, {\"type\": \"item\", \"value\": {\"href\": \"https://x.com/pypikat\", \"label\": \"\\\"X\\\" (2007-2022)\", \"icon\": \"twitter\"}, \"id\": \"5544cb23-207e-495c-a657-5c63ab119559\"}]}, \"id\": \"3f0a5bc8-d317-4782-b7e1-ae3e35a603ed\"}, {\"type\": \"link_list\", \"value\": {\"heading\": \"Contact me\", \"heading_level\": 3, \"items\": [{\"type\": \"item\", \"value\": {\"href\": \"mailto:ada@hpk.io\", \"label\": \"Email\", \"icon\": \"email\"}, \"id\": \"5512d3ad-82c2-461c-8a24-ae4b433b7648\"}, {\"type\": \"item\", \"value\": {\"href\": \"http://t.me/hipikat\", \"label\": \"Telegram\", \"icon\": \"telegram\"}, \"id\": \"b0a08281-a602-453f-afaa-225d52177e3d\"}]}, \"id\": \"f9a1fe15-ecd3-4e6f-ae9e-063eb9ad7afc\"}]}, \"id\": \"105f9b46-27dd-4ebb-9032-42b5e892fab4\"}]",
      "content_type": 30,
      "live_revision": 9,
      "show_in_menus": true,
      "bottom_content": "[]",
      "latest_revision": 9,
      "translation_key": "9581f3d4-7fab-4cc6-84a3-89de1f5870d3",
      "last_published_at": "2025-01-26T03:49:16.162Z",
      "first_published_at": "2025-01-24T00:54:57.256Z",
      "search_description": "I'm a software developer from Perth, Australia, who loves most things Python. This is my little hand-crafted blog-cum-personal website-cum-little decentralised rant-hole on the internet.",
      "wagtail_admin_comments": [],
      "has_unpublished_changes": false,
      "latest_revision_created_at": "2025-01-26T03:49:16.094Z"
    },
    "approved_go_live_at": null
  }
},
{
  "model": "wagtailcore.revision",
  "pk": 20,
  "fields": {
    "content_type": 34,
    "base_content_type": 1,
    "object_id": "6",
    "created_at": "2025-01-26T08:47:45.762Z",
    "user": 2,
    "object_str": "Just using a Justfile",
    "content": {
      "pk": 6,
      "live": false,
      "path": "0001000200010002",
      "slug": "using-just",
      "depth": 4,
      "owner": 2,
      "title": "Just using a Justfile",
      "locale": 1,
      "locked": false,
      "content": "[{\"type\": \"rich_text\", \"value\": \"<p data-block-key=\\\"4r388\\\">Just is basically a command-runner, and a great blessing in my life. What have I done to \\\"just run commands\\\" in the past? I took a relatively standard-looking journey through the problem of \\\"running stuff\\\", which vaguely went:</p><ul><li data-block-key=\\\"bferm\\\">Excessive use of man pages to remember arguments and flags</li><li data-block-key=\\\"eeepu\\\">Abusive grepping of a shell's history to see what I'd done before</li><li data-block-key=\\\"4po5s\\\">A Constant addition of aliases and functions to my shell via startup files</li><li data-block-key=\\\"au3c0\\\">Pipenv <code>[scripts]</code>, npm <code>\\\"scripts\\\"</code>, other and other tool-spcific stuff</li><li data-block-key=\\\"3crud\\\">Make? CMake?!</li><li data-block-key=\\\"a09l8\\\">Maybe just a bunch of .sh files under a <code>scripts/</code> directory?</li></ul>\", \"id\": \"cb48d52a-4faf-4e72-8c66-a44a91f1d564\"}]",
      "expired": false,
      "summary": "<p data-block-key=\"0j72i\">Just is basically a command-runner. After decades of using other standard (but in retrospect ad-hoc methods), I've settled comfortably into writing just one <code>Justfile</code>, at the root of any given project, for the vast majority of \"shell-scripty\" stuff (aka the glue) required to get anything useful done.</p>",
      "tagline": "Just is a beautiful solution to the problems lurking within the fraught problem-realm known to computer scientists as \"running stuff\"",
      "alias_of": null,
      "numchild": 0,
      "url_path": "/home/blog/just-using-a-justfile/",
      "expire_at": null,
      "locked_at": null,
      "locked_by": null,
      "page_type": null,
      "seo_title": "",
      "go_live_at": null,
      "draft_title": "Just using a Justfile",
      "content_type": 34,
      "tagged_items": [
        {
          "pk": 29,
          "tag": 3,
          "content_object": 6
        },
        {
          "pk": 30,
          "tag": 4,
          "content_object": 6
        },
        {
          "pk": 31,
          "tag": 5,
          "content_object": 6
        },
        {
          "pk": 32,
          "tag": 6,
          "content_object": 6
        }
      ],
      "live_revision": null,
      "show_in_menus": false,
      "latest_revision": 12,
      "translation_key": "d45d4972-76fd-40e7-8b36-486adbb18592",
      "last_published_at": null,
      "first_published_at": null,
      "search_description": "",
      "wagtail_admin_comments": [],
      "has_unpublished_changes": true,
      "latest_revision_created_at": "2025-01-26T04:46:44.432Z"
    },
    "approved_go_live_at": null
  }
},
{
  "model": "wagtailcore.revision",
  "pk": 23,
  "fields": {
    "content_type": 32,
    "base_content_type": 1,
    "object_id": "4",
    "created_at": "2025-01-27T02:35:39.931Z",
    "user": 2,
    "object_str": "Blog",
    "content": {
      "pk": 4,
      "live": false,
      "path": "000100020001",
      "slug": "blog",
      "depth": 3,
      "intro": "<h1 data-block-key=\"5neok\">Things I've Posted</h1><p data-block-key=\"c6dtn\"></p>",
      "owner": 2,
      "title": "Blog",
      "locale": 1,
      "locked": false,
      "expired": false,
      "alias_of": null,
      "numchild": 4,
      "url_path": "/home/blog/",
      "expire_at": null,
      "locked_at": null,
      "locked_by": null,
      "seo_title": "",
      "go_live_at": null,
      "draft_title": "Blog",
      "content_type": 32,
      "live_revision": null,
      "show_in_menus": true,
      "latest_revision": 5,
      "translation_key": "8ebae3ed-3893-41e8-bf25-6cff8ecdccaa",
      "last_published_at": null,
      "first_published_at": "2025-01-01T00:56:10.300Z",
      "search_description": "",
      "wagtail_admin_comments": [],
      "has_unpublished_changes": true,
      "latest_revision_created_at": "2025-01-01T00:56:10.227Z"
    },
    "approved_go_live_at": null
  }
},
{
  "model": "wagtailcore.revision",
  "pk": 26,
  "fields": {
    "content_type": 34,
    "base_content_type": 1,
    "object_id": "5",
    "created_at": "2025-01-27T06:49:58.499Z",
    "user": 2,
    "object_str": "So I decided to start a blog",
    "content": {
      "pk": 5,
      "live": true,
      "path": "0001000200010001",
      "slug": "first-post",
      "depth": 4,
      "owner": 2,
      "title": "So I decided to start a blog",
      "locale": 1,
      "locked": false,
      "content": "[{\"type\": \"rich_text\", \"value\": \"<p data-block-key=\\\"03rqr\\\">Actually I decided to start a blog sometime late in the 20th century. And here it is! First I spend 2.5 decades as a web developer, working out what I need to know, and then finally found the time. This whole dammed \\\"web\\\" thing kept evolving and moving the goal posts, ya know?</p><h2 data-block-key=\\\"cddil\\\">Why <i>am</i> I here?</h2><p data-block-key=\\\"ebt0p\\\">Many reasons.</p><ul><li data-block-key=\\\"aa1ic\\\">I'm always learning new things, and spending all my time split between official documentation, books, ChatGPT, and StackOverflow, because there are no good tutorials or guides anywhere on the internet (that I can find), and I'm driven to close those gaps</li><li data-block-key=\\\"cb65d\\\">Having your very own web presence felt like a cool idea to me in 1997, and I never lost that feeling. Skip to today, with centralised social media hastening the downfall of civilisation, it's not just cool it's literally revolutionary!</li><li data-block-key=\\\"5to9d\\\">To earn a modicum of credibility as a developer/person/potential employee \\u2013 and especially to feel confident calling myself a \\\"full stack\\\" developer \\u2013 writing a front-end, a back-end, a DevOps pipeline, running it all in production yourself feels <i>good</i></li><li data-block-key=\\\"ovll\\\">Now I have one repository that's also a rapid-development platform, which I can keep up-to-date with tooling, where I can experiment with whatever I want while not having to worry about bootstrapping new projects all the time\\u00a0\\u2013\\u00a0\\\"feature\\\" branches, ftw!</li></ul><h2 data-block-key=\\\"e8b9f\\\">What do I plan to write about?</h2><p data-block-key=\\\"9s3di\\\">Mostly I'm planning on writing up technical guides, recipes, tutorials, and what-have-yous, just based on whatever I've been learning or working with lately \\u2013 but only when there isn't already a wealth of Googleable stuff out there already.</p><p data-block-key=\\\"9ooa3\\\">But this is my blog, and I'll be dammed if I'm going to hold myself back from the temptation to opine about whatever's going on in the world or my life. Maybe reviews of books and movies? I just like writing! You won't find a skerrick of \\\"AI generated\\\" content here.</p><h2 data-block-key=\\\"ac9r3\\\">What is it made of?</h2><p data-block-key=\\\"8dvq0\\\">I took the best damn CMS framework in the world (<a href=\\\"https://wagtail.org\\\">Wagtail</a>), written on top of the best dammed web framework in the world (<a href=\\\"https://www.djangoproject.com\\\">Django</a>), and wrote a CMS &amp; blog application generic enough that I eventually split it out into a package called <a href=\\\"https://pypi.org/project/picata/\\\">Picata</a>. The goal is to develop Picata into a CMS solution others might find useful, since as wonderful as Wagtail is it <i>does</i> require weeks-to-months of full-stack developer time to turn it into a nice and working website, the the offerings for pre-built solutions are currently scarce.</p><p data-block-key=\\\"8cqii\\\">You'll find more details between the Picata docs and the <a href=\\\"https://github.com/hipikat/hpk.io\\\">repo for this site itself</a>.</p><p data-block-key=\\\"e91at\\\">I learned a lot of interesting modern stuff along the way, but <a href=\\\"https://tailwindcss.com\\\">TailwindCSS</a> deserves a special mention for all the front-end styling you see before you; I found it utterly game-changing when it comes to rapidly generating pretty, concise, responsive CSS. It even made it easy to write themes you can change between (with those buttons in the top-right corner), and I could still do it all in <a href=\\\"https://sass-lang.com\\\">Sass</a>! (Mmmm, semantic whitespace.)</p><h2 data-block-key=\\\"6qbpp\\\">Epilogue</h2><p data-block-key=\\\"5tn05\\\">I'm not exactly a heavy user of all the social sites linked to in the footer, but it seemed wise to reference my official accounts on my own website, as a guard against identity theft, and to help the SEO bots know who I am.</p><p data-block-key=\\\"cdqcg\\\">Anyway, I hope you enjoy my stuff!</p>\", \"id\": \"4eaf4b81-ac26-4ca8-9e51-d2624c9bc4ac\"}]",
      "expired": false,
      "summary": "<p data-block-key=\"58zlb\">Wherein I try to explain/justify the countless hours I've poured into getting this personal website off the ground. Includes a short description of the journey and technology behind it, and describes the expectations I've set for myself at this very early stage.</p>",
      "tagline": "\"What the hell am I doing here?\"",
      "alias_of": null,
      "numchild": 0,
      "url_path": "/home/blog/first-post/",
      "expire_at": null,
      "locked_at": null,
      "locked_by": null,
      "page_type": null,
      "seo_title": "",
      "go_live_at": null,
      "draft_title": "So I decided to start a blog",
      "content_type": 34,
      "tagged_items": [
        {
          "pk": null,
          "tag": 15,
          "content_object": 5
        },
        {
          "pk": null,
          "tag": 1,
          "content_object": 5
        },
        {
          "pk": null,
          "tag": 2,
          "content_object": 5
        }
      ],
      "live_revision": 25,
      "show_in_menus": false,
      "latest_revision": 25,
      "translation_key": "9e1ab2ea-0fa2-4155-8900-28294524530f",
      "last_published_at": "2025-01-27T06:22:52.202Z",
      "first_published_at": "2025-01-20T04:59:33.513Z",
      "search_description": "Where I try to justify the countless hours I've poured into getting this personal website off the ground.",
      "wagtail_admin_comments": [],
      "has_unpublished_changes": false,
      "latest_revision_created_at": "2025-01-27T06:22:51.920Z"
    },
    "approved_go_live_at": null
  }
},
{
  "model": "wagtailcore.revision",
  "pk": 65,
  "fields": {
    "content_type": 34,
    "base_content_type": 1,
    "object_id": "9",
    "created_at": "2025-01-31T03:20:30.164Z",
    "user": 2,
    "object_str": "Django settings in 4 parts",
    "content": {
      "pk": 9,
      "live": true,
      "path": "0001000200010005",
      "slug": "django-settings-in-4-parts",
      "depth": 4,
      "owner": 2,
      "title": "Django settings in 4 parts",
      "locale": 1,
      "locked": false,
      "content": "[{\"type\": \"rich_text\", \"value\": \"<h2 data-block-key=\\\"qkuhz\\\">The basics</h2><p data-block-key=\\\"8nbms\\\">Your <a href=\\\"https://docs.djangoproject.com/en/5.1/topics/settings/\\\">Django settings</a> are conceptually fairly simple, and should be <i>kept</i> simple in practice. For most purposes it's generally best to just start with three modules under your <code>(project).settings</code> package\\u2026</p><ul><li data-block-key=\\\"5oef0\\\"><code>base.py</code> for the vast majority of defaults not affected by the environment</li><li data-block-key=\\\"34l3c\\\"><code>dev.py</code>, importing everything from <code>base.py</code> and adding dev/debug settings</li><li data-block-key=\\\"83kac\\\"><code>prod.py</code>, importing everything from <code>base.py</code> and adding production settings</li></ul><p data-block-key=\\\"4ktc2\\\">I'd also go so far as to argue that your concrete settings files are literally the only place in a codebase where it's acceptable to just \\\"import star\\\", though hopefully you're using Ruff or a similar linter, and at least acknowledge the potential folly with an ignore directive\\u2026</p>\", \"id\": \"5462860b-3278-4e40-bdc0-4d8a2d16d5ea\"}, {\"type\": \"code\", \"value\": {\"code\": \"from .base import *  # noqa: F403\", \"language\": \"python\"}, \"id\": \"956e470b-4eb4-4f34-9839-d38f1d7047b4\"}, {\"type\": \"rich_text\", \"value\": \"<h2 data-block-key=\\\"e8850\\\">Something fishy going on</h2><p data-block-key=\\\"6m1us\\\">Some time into development, after na\\u00efvely adding a lot of \\\"dev-mode-and-debugging\\\" stuff to my <code>dev.py</code>, I noticed a few of things:</p><ul><li data-block-key=\\\"3u0k\\\">My dev servers (which were DigitalOcean droplets with 2cpus &amp; 8 gigs of ram at the time) were running out of memory a lot more often than they should</li><li data-block-key=\\\"4q5un\\\"><code>runserver_plus</code>was taking <i>ages</i> to start serving pages</li><li data-block-key=\\\"bh62j\\\"><code>django-admin</code> commands were taking unusually long to run</li><li data-block-key=\\\"96hss\\\"><code>mypy</code> was taking yonks to do its thing, and <code>mypyd</code> was the main process eating up all of my precious memory</li></ul>\", \"id\": \"bc7bb96e-766e-4f2d-bfd2-5503f05e2ce6\"}, {\"type\": \"rich_text\", \"value\": \"<h2 data-block-key=\\\"6npb3\\\">The diagnosis</h2><p data-block-key=\\\"63aaj\\\">So yes, the thing is, if your \\\"dev settings\\\" just turn everything on at the module level then all those things are going to be imported and run whenever <i>any</i> Django management command runs.</p><p data-block-key=\\\"2dkm\\\">If you've moved at all beyond the basics, that might mean you're loading <a href=\\\"https://django-extensions.readthedocs.io/en/latest/\\\"><code>django-extensions</code></a> and the <a href=\\\"https://django-debug-toolbar.readthedocs.io/en/latest/\\\">Django Debug Toolbar</a> into your code with every command, and if you've stepped into the wonderful world of static type-checking you might be letting <a href=\\\"https://github.com/typeddjango/django-stubs\\\"><code>django-stubs</code></a> monkey-patch your code. (Or at least I was\\u2026)</p><p data-block-key=\\\"6ni74\\\">But: I found I don't actually need <code>django-extensions</code> for anything at all besides <code>runserver(_plus)</code>, and monkey-patching type-hints into Django is resource intensive, and only needed for <code>mypy[d]</code>.</p>\", \"id\": \"1a850079-9156-4e4b-8ec7-46a75d51feb1\"}, {\"type\": \"rich_text\", \"value\": \"<h2 data-block-key=\\\"rltrc\\\">The solutions</h2><h3 data-block-key=\\\"akm1c\\\">Conditional settings &amp; discovering the execution context</h3><p data-block-key=\\\"5jd4d\\\">Django doesn't provide an immediately obvious way for you to tell exactly what spawned the code that's currently being imported\\u2026</p><p data-block-key=\\\"73alp\\\">Your <code>manage.py</code> is a simple little file that generally remains untouched, and acts as the entry-point for the <code>django-admin</code> command (assuming you aren't already just running things with <code>python manage.py</code>) \\u2013 but people can and do often augment it for their own purposes and this is an ideal time to add a couple of lines before that final <code>execute_from_command_line(argv)</code> call:</p>\", \"id\": \"67e42a76-b7d9-4831-bbbc-3ba28829d167\"}, {\"type\": \"code\", \"value\": {\"code\": \"if len(argv) >= 2:  # noqa: PLR2004\\r\\n    environ.setdefault(\\\"DJANGO_MANAGEMENT_COMMAND\\\", argv[1])\\r\\n\\r\\nfrom django.core.management import execute_from_command_line\\r\\n\\r\\nexecute_from_command_line(argv)\", \"language\": \"python\"}, \"id\": \"eefff5a9-072d-4441-97b7-b1539a202111\"}, {\"type\": \"rich_text\", \"value\": \"<p data-block-key=\\\"x2vz7\\\">And now you can selectively and exclusively import <code>django-extensions</code> and all the DJDT stuff when you know you're in a <code>runserver</code> or <code>runserver_plus</code> context with something like like this in your <code>(project).settings.dev</code> module:</p>\", \"id\": \"a5c6cf0d-2bf2-4a29-ae68-f066f94c5435\"}, {\"type\": \"code\", \"value\": {\"code\": \"if getenv(\\\"DJANGO_MANAGEMENT_COMMAND\\\", \\\"\\\").startswith(\\\"runserver\\\"):\\r\\n    RUNSERVERPLUS_POLLER_RELOADER_TYPE = \\\"watchdog\\\"\\r\\n    RUNSERVER_PLUS_EXCLUDE_PATTERNS = [\\r\\n        \\\".venv/*\\\",\\r\\n        \\\".vscode/*\\\",\\r\\n        \\\"node_modules/*\\\",\\r\\n        \\\"media/*\\\",\\r\\n        \\\"src/migrations/*\\\",\\r\\n        \\\"static/*\\\",\\r\\n    ]\\r\\n\\r\\n    # Enable Django Debug Toolbar and runserver_plus\\r\\n    INSTALLED_APPS += [\\r\\n        \\\"debug_toolbar\\\",\\r\\n        \\\"django_extensions\\\",\\r\\n    ]\\r\\n    MIDDLEWARE = [\\\"debug_toolbar.middleware.DebugToolbarMiddleware\\\", *MIDDLEWARE]\", \"language\": \"python\"}, \"id\": \"7240bf41-70ec-479d-9b25-85b556113571\"}, {\"type\": \"rich_text\", \"value\": \"<p data-block-key=\\\"x2vz7\\\">(and yes there are a few hints for <a href=\\\"https://django-extensions.readthedocs.io/en/latest/runserver_plus.html#io-calls-and-cpu-usage\\\">other optimisations you should consider</a> if you haven't already, embedded in that block of code.)</p>\", \"id\": \"95e5f16f-08ba-4c17-9a22-74dd47e8aaa9\"}, {\"type\": \"rich_text\", \"value\": \"<h3 data-block-key=\\\"x2vz7\\\">Settings exclusive to <code>mypy</code> (or whatever the kids are typing-checking with these days)</h3><p data-block-key=\\\"cbguh\\\">This brings us to the \\\"in 4 parts\\\" bit of this post. I now have a forth settings module in the form of <code>mypy.py</code> which consists entirely of:</p>\", \"id\": \"fc562879-e5f4-4ba1-8652-15318e91b3d8\"}, {\"type\": \"code\", \"value\": {\"code\": \"\\\"\\\"\\\"Django settings for the mypy type-checking daemon.\\\"\\\"\\\"\\r\\n\\r\\nimport django_stubs_ext\\r\\n\\r\\nfrom .dev import *  # noqa: F403\\r\\n\\r\\ndjango_stubs_ext.monkeypatch()\", \"language\": \"python\"}, \"id\": \"f9d368d0-1254-4ba7-ba13-24d63bc9a7cd\"}, {\"type\": \"rich_text\", \"value\": \"<p data-block-key=\\\"x2vz7\\\">\\u2026\\u00a0and then we can ensure the heavy burden of <a href=\\\"https://github.com/typeddjango/django-stubs\\\">monkey-patching Django with type-hinting stubs</a> happens when (and only when) needed by adding adding to our <code>pyproject.toml</code>:</p>\", \"id\": \"856e31fe-697d-4b07-a4fd-8da214c55ff4\"}, {\"type\": \"code\", \"value\": {\"code\": \"[tool.django-stubs]\\r\\ndjango_settings_module = \\\"(project).settings.mypy\\\"\", \"language\": \"toml\"}, \"id\": \"2efa12b4-15bf-4775-b331-1ef58b13dee1\"}, {\"type\": \"rich_text\", \"value\": \"<p data-block-key=\\\"ejdzv\\\">\\u2013 that means:</p><ol><li data-block-key=\\\"4auth\\\">any <code>mypyd</code> processes VS Code might launch if you've got an extension like <code>matangover.mypy</code> installed, and</li><li data-block-key=\\\"1fo9p\\\">the <code>mypy</code> process itself, which is great to run as a <a href=\\\"https://pre-commit.com\\\">pre-commit</a> hook.</li></ol>\", \"id\": \"7e354794-1415-4e6e-b049-79ffaac523a8\"}, {\"type\": \"rich_text\", \"value\": \"<h2 data-block-key=\\\"x2vz7\\\">The result\\u2026</h2><ul><li data-block-key=\\\"1ihcp\\\"><code>runserver[_plus]</code> need not waste your resources on loading Django stubs</li><li data-block-key=\\\"cb7r0\\\"><code>mypy[d]</code> won't be wasting cycles &amp; memory on debug stuff meant only for you</li><li data-block-key=\\\"35kj4\\\">All the other Django management commands aren't bogged down by your debugging code or monkey-patched type-hints</li></ul><p data-block-key=\\\"9b6pl\\\">\\u2026 and you can be happier, and iterate faster, on smaller development boxes. And isn't that what it's <i>really</i> all about?</p>\", \"id\": \"8ebf1316-b2c0-4e01-9c3d-96b6e017c8c4\"}]",
      "expired": false,
      "summary": "<p data-block-key=\"lh6z1\">Development server running out of memory? Or maybe your <code>runserver</code> process is taking forever to load, and other management commands take too long? Here are some optimisation tips I used to speed up – and slim down – every part of my Django development experience.</p>",
      "tagline": "\"Import only what you need to survive\"",
      "alias_of": null,
      "numchild": 0,
      "url_path": "/home/blog/django-settings-in-4-parts/",
      "expire_at": null,
      "locked_at": null,
      "locked_by": null,
      "page_type": null,
      "seo_title": "",
      "go_live_at": null,
      "draft_title": "Django settings in 4 parts",
      "content_type": 34,
      "tagged_items": [
        {
          "pk": null,
          "tag": 16,
          "content_object": 9
        },
        {
          "pk": null,
          "tag": 19,
          "content_object": 9
        },
        {
          "pk": null,
          "tag": 17,
          "content_object": 9
        },
        {
          "pk": null,
          "tag": 18,
          "content_object": 9
        }
      ],
      "live_revision": 59,
      "show_in_menus": false,
      "latest_revision": 59,
      "translation_key": "51b71484-e6ae-43d7-a62b-59c8b2214a27",
      "last_published_at": "2025-01-30T08:15:54.451Z",
      "first_published_at": "2025-01-29T03:03:00.924Z",
      "search_description": "",
      "wagtail_admin_comments": [],
      "has_unpublished_changes": false,
      "latest_revision_created_at": "2025-01-30T08:15:54.296Z"
    },
    "approved_go_live_at": null
  }
},
{
  "model": "wagtailcore.revision",
  "pk": 66,
  "fields": {
    "content_type": 34,
    "base_content_type": 1,
    "object_id": "7",
    "created_at": "2025-01-31T03:21:49.921Z",
    "user": 2,
    "object_str": "pre-commit, Python typing & virtual envs",
    "content": {
      "pk": 7,
      "live": true,
      "path": "0001000200010003",
      "slug": "pre-commit-and-repo-local",
      "depth": 4,
      "owner": 2,
      "title": "pre-commit, Python typing & virtual envs",
      "locale": 1,
      "locked": false,
      "content": "[{\"type\": \"rich_text\", \"value\": \"<p data-block-key=\\\"6eafd\\\">The <a href=\\\"https://pre-commit.com\\\">pre-commit</a> package is a great way to quickly get a repo running with lots of checks you might not have even thought about, and shouldn't have to spend time manually coding into hooks yourself. It's certainly helping keep my projects extra-squeaky-clean in a way that feeds back to my brain in the form of lots of little dopamine hits.</p><blockquote data-block-key=\\\"8slvc\\\">Check out the <a href=\\\"https://github.com/hipikat/hpk.io/blob/main/.pre-commit-config.yaml\\\">.pre-commit-config.yaml</a> file behind this site's codebase to see what I'm actually using on it today.</blockquote><p data-block-key=\\\"f5sdf\\\">My initial concern, though, was that <code>pre-commit install</code> does of course <i>take over</i> the pre-commit hooks for a repository, because it relies on its own <code>.git/hooks/pre-commit</code> executable script \\u2013\\u00a0and it wasn't immediately obvious how I could just add my own arbitrary checks.</p><h2 data-block-key=\\\"er4o6\\\">TL;DR?</h2><p data-block-key=\\\"e2a8t\\\">\\\"<a href=\\\"https://pre-commit.com/#repository-local-hooks\\\">Repository local hooks</a>\\\" are your friend.</p>\", \"id\": \"d5d4814d-5e7c-4898-a957-4d2d2b4570bb\"}, {\"type\": \"rich_text\", \"value\": \"<h2 data-block-key=\\\"6eafd\\\">Invisible virtual environments</h2><p data-block-key=\\\"9o8dd\\\">One slightly magical, opaque implementation detail about pre-commit is that every hook basically creates and runs in its own virtual environment. What that looks like depends on the \\\"language\\\" associated with the hook itself, and there are a couple of notable exceptions:</p><ul><li data-block-key=\\\"8smgj\\\">\\\"<a href=\\\"https://pre-commit.com/#script\\\">script</a>\\\" hooks, for simple scripts used to validate files,</li><li data-block-key=\\\"18nr4\\\">\\\"<a href=\\\"https://pre-commit.com/#system\\\">system</a>\\\" hooks, which target system-level executables, and</li><li data-block-key=\\\"ar1t9\\\"><a href=\\\"https://pre-commit.com/#repository-local-hooks\\\">Repository-local</a> hooks, most useful when the hook itself depends on build artefacts in your project, or fairly \\\"complete\\\" virtual environments that you don't want to re-build just for that hook.</li></ul><h3 data-block-key=\\\"10u5\\\">Additional dependencies</h3><p data-block-key=\\\"epe4k\\\">If a hook isn't working the way you'd expect, it may be due to the fact that the virtual environment its creating for itself doesn't have quite everything it needs to run \\u2013\\u00a0this is where the <a href=\\\"https://pre-commit.com/#config-additional_dependencies\\\"><code>additional_dependencies</code></a> lists come into your configuration. Most hook repositories seem pretty good about mentioning the kind of things you'll need to add here \\u2013\\u00a0for example I got my <a href=\\\"https://github.com/pre-commit/mirrors-eslint\\\"><code>eslint</code></a> hook running with just:</p><p data-block-key=\\\"erf07\\\"></p><p data-block-key=\\\"10u88\\\"></p>\", \"id\": \"82f192b3-96e5-4884-8dcd-c924fede42f3\"}, {\"type\": \"code\", \"value\": {\"code\": \"- repo: https://github.com/pre-commit/mirrors-eslint\\r\\n    rev: \\\"v9.18.0\\\"\\r\\n    hooks:\\r\\n      - id: eslint\\r\\n        name: Lint ECMAScript with eslint\\r\\n        args: [\\\"--config\\\", \\\"./eslint.config.mjs\\\"]\\r\\n        additional_dependencies:\\r\\n          - eslint@9.16.0\\r\\n          - eslint-plugin-prettier@5.2.1\\r\\n          - eslint-plugin-tailwindcss@3.17.5\\r\\n          - eslint-plugin-react@7.37.2\\r\\n          - typescript-eslint@8.17.0\", \"language\": \"yaml\"}, \"id\": \"a56202e8-ddf7-4818-8f07-5bbfe8296190\"}, {\"type\": \"rich_text\", \"value\": \"<h3 data-block-key=\\\"m5704\\\">Static typing, and just using 'local'</h3><p data-block-key=\\\"ibip\\\">It was only after spending some time trying to get <a href=\\\"https://github.com/pre-commit/mirrors-mypy\\\">mypy for pre-commit</a> working that the penny really dropped for me, with regard to how much of a working virtualenv some things actually need. Calling <code>mypy .</code> was finally going smoothly, with no more configuration required than what was in my <code>pyproject.toml</code>:</p>\", \"id\": \"ef2f1470-5df1-4ed2-a772-ac4d5e0e25cf\"}, {\"type\": \"code\", \"value\": {\"code\": \"[tool.mypy]\\r\\nexclude = [\\r\\n  '^(.git|.pytest_cache|.ruff_cache|.venv)/.*',\\r\\n  '^(build|dist|infra|lib|logs|media|node_modules|snapshots|static)/.*',\\r\\n]\\r\\nmypy_path = \\\"$MYPY_CONFIG_FILE_DIR/src\\\"\\r\\nplugins = [\\\"mypy_django_plugin.main\\\"]\\r\\nignore_missing_imports = true\\r\\n\\r\\n[tool.django-stubs]\\r\\ndjango_settings_module = \\\"picata.settings.mypy\\\"\", \"language\": \"toml\"}, \"id\": \"928d2402-6b63-4711-a7e4-d1c142548849\"}, {\"type\": \"rich_text\", \"value\": \"<p data-block-key=\\\"m5704\\\">\\u2026\\u00a0but the mypy pre-commit hook was complaining about one more required dependency after another, until I realise I realised I was about to completely re-create pretty much my entire Python virtual environment, invisibly, in the background, just for this hook to run.</p><p data-block-key=\\\"aflgm\\\">And it's not like <code>mypy</code> was going to change anything, so the principle of isolating pre-commit hooks in their own virtual environments for safety (or whatever) reasons seemed moot. Surely there had to be a better way?</p><h4 data-block-key=\\\"7p5be\\\">The better way</h4><p data-block-key=\\\"6qb5k\\\">As you might have guessed by now, the better way came in the form of abandoning the mypy pre-commit hook package completely, just using <code>repo: local</code>, and telling pre-commit what it was I wanted it to run against my already-built virtual environment:</p>\", \"id\": \"7ad59cae-8632-4881-b5d8-e73e294ed238\"}, {\"type\": \"code\", \"value\": {\"code\": \"- repo: local\\r\\n    hooks:\\r\\n      - id: mypy\\r\\n        name: Type-check Python with mypy\\r\\n        language: python\\r\\n        types: [python]\\r\\n        entry: mypy\\r\\n        args: [\\\"--config-file=pyproject.toml\\\"]\", \"language\": \"yaml\"}, \"id\": \"e2829a7f-fcb4-445d-84a4-5d2f0a082f2d\"}, {\"type\": \"rich_text\", \"value\": \"<p data-block-key=\\\"m5704\\\">So, yeah. For many pre-commit checks, it might be easier to <i>not</i> go looking for a third-party repository, and just call what you want, when you want, how you want.</p>\", \"id\": \"9810f7db-f8d5-49cb-9e85-6a6ce1955e6b\"}, {\"type\": \"code\", \"value\": {\"code\": \"\\u276f pre-commit run mypy --all-files\\r\\nType-check Python with mypy..............Passed\", \"language\": \"bash\"}, \"id\": \"b5fa2420-a43c-445a-8706-7c3269a91772\"}]",
      "expired": false,
      "summary": "<p data-block-key=\"4qjbz\">The pre-commit package is a great way to quickly get a repo running with lots of pre-commit checks you shouldn't have to spend time coding into hooks yourself. But it uses virtual environments behind the scenes in an opaque way that comes with a caveat you should be mindful of.</p>",
      "tagline": "How I learned to stop worrying and love `repo: local`",
      "alias_of": null,
      "numchild": 0,
      "url_path": "/home/blog/pre-commit-python-types-virtual-envs/",
      "expire_at": null,
      "locked_at": null,
      "locked_by": null,
      "page_type": null,
      "seo_title": "",
      "go_live_at": null,
      "draft_title": "pre-commit, Python typing & virtual envs",
      "content_type": 34,
      "tagged_items": [
        {
          "pk": null,
          "tag": 7,
          "content_object": 7
        },
        {
          "pk": null,
          "tag": 8,
          "content_object": 7
        },
        {
          "pk": null,
          "tag": 9,
          "content_object": 7
        },
        {
          "pk": null,
          "tag": 10,
          "content_object": 7
        }
      ],
      "live_revision": 64,
      "show_in_menus": false,
      "latest_revision": 64,
      "translation_key": "7411ccc3-82cb-426e-a229-b7af33f5566d",
      "last_published_at": "2025-01-31T03:18:57.772Z",
      "first_published_at": "2025-01-31T03:13:24.572Z",
      "search_description": "",
      "wagtail_admin_comments": [],
      "has_unpublished_changes": false,
      "latest_revision_created_at": "2025-01-31T03:18:57.637Z"
    },
    "approved_go_live_at": null
  }
},
{
  "model": "wagtailcore.revision",
  "pk": 70,
  "fields": {
    "content_type": 52,
    "base_content_type": 1,
    "object_id": "10",
    "created_at": "2025-02-05T01:20:07.701Z",
    "user": 2,
    "object_str": "Deploying Django all at once",
    "content": {
      "pk": 10,
      "live": true,
      "path": "0001000200010006",
      "slug": "deploying-django-all-at-once",
      "depth": 4,
      "owner": 2,
      "title": "Deploying Django all at once",
      "locale": 1,
      "locked": false,
      "expired": false,
      "alias_of": null,
      "numchild": 0,
      "url_path": "/home/blog/deploying-django-all-at-once/",
      "expire_at": null,
      "locked_at": null,
      "locked_by": null,
      "seo_title": "",
      "go_live_at": null,
      "draft_title": "Deploying Django all at once",
      "content_type": 52,
      "introduction": "[{\"type\": \"rich_text\", \"value\": \"<p data-block-key=\\\"xftwa\\\">The following is basically a walk-through of what I use to deploy this site. The <i>vast</i> majority of configuration is shared between between development, staging, test &amp; production environments, with features toggled and controlled entirely though settings files &amp; environment variables.</p><blockquote data-block-key=\\\"3ok7f\\\"><a href=\\\"https://github.com/hipikat/hpk.io\\\">This site's code is open source, MIT-licensed and publicly available on GitHub</a>, in case you want to see what I've been doing with it lately, or dig deeper into the code snippets offered below \\u2013\\u00a0but I'll try to keep this article as a \\\"live document\\\", and update it when anything significant changes.</blockquote><h2 data-block-key=\\\"4irsa\\\">The stack, or In Praise of Simplicity</h2><h3 data-block-key=\\\"6f3m3\\\">Just</h3><p data-block-key=\\\"dard0\\\">I use <a href=\\\"https://just.systems\\\">Just</a> as a command runner, with <a href=\\\"https://github.com/hipikat/hpk.io/blob/main/Justfile\\\">one very big Justfile</a>, and I can't recommend it highly enough. Shell scripts are alive and well [okay, well, as well as they've ever been] as the glue that holds all of \\\"computing\\\" and \\\"the internet\\\" together, whether you like it or not. Probably not.</p><p data-block-key=\\\"70uon\\\">Embracing Just amalgamates the dozens-to-hundreds of shell scripts any real project needs into a nice, sensible, single source. But if you're not into it or can't install it on that locked-down corporate server for some reason, the code <i>inside</i> my Justfile recipes is more-or-less POSIX-compliant shell script; you might just have to manage their yourself.</p><h3 data-block-key=\\\"3jt62\\\">OpenTofu</h3><p data-block-key=\\\"24ilr\\\">Hopefully you're familiar with <a href=\\\"https://www.terraform.io\\\">Terraform</a>? After HashiCorp changed it to use a Business Source License (BSL), it was <a href=\\\"https://opentofu.org/blog/opentofu-announces-fork-of-terraform/\\\">forked into OpenTofu</a>, which aims to be backwards compatible and retain feature parity. At least for small use-cases such as the one here you can basically just type <code>tofu</code> instead of <code>terraform</code>. Or you could just use Terraform. Either way, \\\"tofu\\\" requires 5 fewer key-strokes.</p><h3 data-block-key=\\\"fhani\\\">cloud-init</h3><p data-block-key=\\\"2k2ut\\\">Don't get me wrong; I <i>love</i> Infrastructure as Code (aka Iac); I've invested countless hours getting to grips with <a href=\\\"https://saltproject.io\\\">Salt</a> in my spare time, and working with <a href=\\\"https://www.puppet.com\\\">Puppet</a> professionally. But when I wanted to start deploying development servers as easily and cheaply as possible\\u00a0I started with a <a href=\\\"https://cloud-init.io\\\">cloud-init</a> script, because even if I wanted to go full-on IaC later, that provided the quickest way to iterate and actually make sure everything was going where it was meant to be.</p><p data-block-key=\\\"7js5j\\\">And it turned out the time-to-deployment was so low (roughly 5 minutes), that it just hasn't been worth re-implementing everything you're about to see before you in higher-level abstractions.</p>\", \"id\": \"8110632c-348c-4f52-98fa-bfd359249e99\"}]",
      "live_revision": null,
      "show_in_menus": false,
      "latest_revision": null,
      "translation_key": "55d7808c-e0d0-4c92-b41e-46ade98eda23",
      "last_published_at": null,
      "first_published_at": null,
      "search_description": "",
      "wagtail_admin_comments": [],
      "has_unpublished_changes": false,
      "latest_revision_created_at": null
    },
    "approved_go_live_at": null
  }
},
{
  "model": "wagtailcore.revision",
  "pk": 71,
  "fields": {
    "content_type": 34,
    "base_content_type": 1,
    "object_id": "11",
    "created_at": "2025-02-05T01:22:33.338Z",
    "user": 2,
    "object_str": "OpenTofu to DigitalOcean",
    "content": {
      "pk": 11,
      "live": false,
      "path": "00010002000100060001",
      "slug": "opentofu-to-digitalocean",
      "depth": 5,
      "owner": 2,
      "title": "OpenTofu to DigitalOcean",
      "locale": 1,
      "locked": false,
      "content": "[]",
      "expired": false,
      "summary": "<p data-block-key=\"p5xay\">Step 1: provision your boxes</p>",
      "tagline": "",
      "alias_of": null,
      "numchild": 0,
      "url_path": "/home/blog/deploying-django-all-at-once/opentofu-to-digitalocean/",
      "expire_at": null,
      "locked_at": null,
      "locked_by": null,
      "page_type": null,
      "seo_title": "",
      "go_live_at": null,
      "draft_title": "OpenTofu to DigitalOcean",
      "content_type": 34,
      "tagged_items": [],
      "live_revision": null,
      "show_in_menus": false,
      "latest_revision": null,
      "translation_key": "8519099d-9651-453b-b555-04e52a878b55",
      "last_published_at": null,
      "first_published_at": null,
      "search_description": "",
      "wagtail_admin_comments": [],
      "has_unpublished_changes": false,
      "latest_revision_created_at": null
    },
    "approved_go_live_at": null
  }
},
{
  "model": "wagtailcore.revision",
  "pk": 72,
  "fields": {
    "content_type": 34,
    "base_content_type": 1,
    "object_id": "11",
    "created_at": "2025-02-05T01:22:55.103Z",
    "user": 2,
    "object_str": "OpenTofu to DigitalOcean",
    "content": {
      "pk": 11,
      "live": false,
      "path": "00010002000100060001",
      "slug": "opentofu-to-digitalocean",
      "depth": 5,
      "owner": 2,
      "title": "OpenTofu to DigitalOcean",
      "locale": 1,
      "locked": false,
      "content": "[{\"type\": \"rich_text\", \"value\": \"<p data-block-key=\\\"gcdx6\\\">Okay let's get started\\u2026</p>\", \"id\": \"785a5567-4d56-42b7-9708-175a4a8762a9\"}]",
      "expired": false,
      "summary": "<p data-block-key=\"p5xay\">Step 1: provision your boxes</p>",
      "tagline": "",
      "alias_of": null,
      "numchild": 0,
      "url_path": "/home/blog/deploying-django-all-at-once/opentofu-to-digitalocean/",
      "expire_at": null,
      "locked_at": null,
      "locked_by": null,
      "page_type": null,
      "seo_title": "",
      "go_live_at": null,
      "draft_title": "OpenTofu to DigitalOcean",
      "content_type": 34,
      "tagged_items": [],
      "live_revision": null,
      "show_in_menus": false,
      "latest_revision": 71,
      "translation_key": "8519099d-9651-453b-b555-04e52a878b55",
      "last_published_at": null,
      "first_published_at": null,
      "search_description": "",
      "wagtail_admin_comments": [],
      "has_unpublished_changes": true,
      "latest_revision_created_at": "2025-02-05T01:22:33.338Z"
    },
    "approved_go_live_at": null
  }
},
{
  "model": "wagtailcore.revision",
  "pk": 73,
  "fields": {
    "content_type": 34,
    "base_content_type": 1,
    "object_id": "12",
    "created_at": "2025-02-05T22:16:47.990Z",
    "user": 2,
    "object_str": "The big cloud-init post",
    "content": {
      "pk": 12,
      "live": false,
      "path": "00010002000100060002",
      "slug": "the-big-cloud-init-post",
      "depth": 5,
      "owner": 2,
      "title": "The big cloud-init post",
      "locale": 1,
      "locked": false,
      "content": "[]",
      "expired": false,
      "summary": "",
      "tagline": "",
      "alias_of": null,
      "numchild": 0,
      "url_path": "/home/blog/deploying-django-all-at-once/the-big-cloud-init-post/",
      "expire_at": null,
      "locked_at": null,
      "locked_by": null,
      "page_type": null,
      "seo_title": "",
      "go_live_at": null,
      "draft_title": "The big cloud-init post",
      "content_type": 34,
      "tagged_items": [],
      "live_revision": null,
      "show_in_menus": false,
      "latest_revision": null,
      "translation_key": "38756b2b-7695-4dda-b839-04d924de4ffb",
      "last_published_at": null,
      "first_published_at": null,
      "search_description": "",
      "wagtail_admin_comments": [],
      "has_unpublished_changes": false,
      "latest_revision_created_at": null
    },
    "approved_go_live_at": null
  }
},
{
  "model": "wagtailcore.revision",
  "pk": 74,
  "fields": {
    "content_type": 34,
    "base_content_type": 1,
    "object_id": "11",
    "created_at": "2025-02-10T00:06:29.716Z",
    "user": 2,
    "object_str": "OpenTofu to DigitalOcean",
    "content": {
      "pk": 11,
      "live": false,
      "path": "00010002000100060001",
      "slug": "opentofu-to-digitalocean",
      "depth": 5,
      "owner": 2,
      "title": "OpenTofu to DigitalOcean",
      "locale": 1,
      "locked": false,
      "content": "[{\"type\": \"rich_text\", \"value\": \"<p data-block-key=\\\"gcdx6\\\">Okay let's get started\\u2026</p>\", \"id\": \"785a5567-4d56-42b7-9708-175a4a8762a9\"}]",
      "expired": false,
      "summary": "<p data-block-key=\"p5xay\">Step 1: provision your boxes</p>",
      "tagline": "",
      "alias_of": null,
      "numchild": 0,
      "url_path": "/home/blog/deploying-django-all-at-once/opentofu-to-digitalocean/",
      "expire_at": null,
      "locked_at": null,
      "locked_by": null,
      "page_type": null,
      "seo_title": "",
      "go_live_at": null,
      "draft_title": "OpenTofu to DigitalOcean",
      "content_type": 34,
      "tagged_items": [],
      "live_revision": null,
      "show_in_menus": false,
      "latest_revision": 72,
      "translation_key": "8519099d-9651-453b-b555-04e52a878b55",
      "last_published_at": null,
      "first_published_at": null,
      "search_description": "",
      "wagtail_admin_comments": [],
      "has_unpublished_changes": true,
      "latest_revision_created_at": "2025-02-05T01:22:55.103Z"
    },
    "approved_go_live_at": null
  }
},
{
  "model": "wagtailcore.revision",
  "pk": 75,
  "fields": {
    "content_type": 52,
    "base_content_type": 1,
    "object_id": "10",
    "created_at": "2025-02-11T23:50:19.979Z",
    "user": 2,
    "object_str": "Deploying Django all at once",
    "content": {
      "pk": 10,
      "live": true,
      "path": "0001000200010006",
      "slug": "deploying-django-all-at-once",
      "depth": 4,
      "owner": 2,
      "title": "Deploying Django all at once",
      "locale": 1,
      "locked": false,
      "expired": false,
      "summary": "<p data-block-key=\"lhddo\">A step-by-step guide to deploying a Django app, for both development and production servers, to a single server in the cloud – using OpenTofu (a fork of Terraform), targeting DigitalOcean, utilising Just to manage the shell-scripting glue, and a <i>hell</i> of a lot of cloud-init.</p>",
      "alias_of": null,
      "numchild": 2,
      "url_path": "/home/blog/deploying-django-all-at-once/",
      "expire_at": null,
      "locked_at": null,
      "locked_by": null,
      "seo_title": "",
      "go_live_at": null,
      "draft_title": "Deploying Django all at once",
      "content_type": 52,
      "introduction": "[{\"type\": \"rich_text\", \"value\": \"<p data-block-key=\\\"xftwa\\\">The following is basically a walk-through of what I use to deploy this site. The <i>vast</i> majority of configuration is shared between between development, staging, test &amp; production environments, with features toggled and controlled entirely though settings files &amp; environment variables.</p><blockquote data-block-key=\\\"3ok7f\\\"><a href=\\\"https://github.com/hipikat/hpk.io\\\">This site's code is open source, MIT-licensed and publicly available on GitHub</a>, in case you want to see what I've been doing with it lately, or dig deeper into the code snippets offered below \\u2013\\u00a0but I'll try to keep this article as a \\\"live document\\\", and update it when anything significant changes.</blockquote><h2 data-block-key=\\\"4irsa\\\">The stack, or In Praise of Simplicity</h2><h3 data-block-key=\\\"6f3m3\\\">Just</h3><p data-block-key=\\\"dard0\\\">I use <a href=\\\"https://just.systems\\\">Just</a> as a command runner, with <a href=\\\"https://github.com/hipikat/hpk.io/blob/main/Justfile\\\">one very big Justfile</a>, and I can't recommend it highly enough. Shell scripts are alive and well [okay, well, as well as they've ever been] as the glue that holds all of \\\"computing\\\" and \\\"the internet\\\" together, whether you like it or not. Probably not.</p><p data-block-key=\\\"70uon\\\">Embracing Just amalgamates the dozens-to-hundreds of shell scripts any real project needs into a nice, sensible, single source. But if you're not into it or can't install it on that locked-down corporate server for some reason, the code <i>inside</i> my Justfile recipes is more-or-less POSIX-compliant shell script; you might just have to manage their yourself.</p><h3 data-block-key=\\\"3jt62\\\">OpenTofu</h3><p data-block-key=\\\"24ilr\\\">Hopefully you're familiar with <a href=\\\"https://www.terraform.io\\\">Terraform</a>? After HashiCorp changed it to use a Business Source License (BSL), it was <a href=\\\"https://opentofu.org/blog/opentofu-announces-fork-of-terraform/\\\">forked into OpenTofu</a>, which aims to be backwards compatible and retain feature parity. At least for small use-cases such as the one here you can basically just type <code>tofu</code> instead of <code>terraform</code>. Or you could just use Terraform. Either way, \\\"tofu\\\" requires 5 fewer key-strokes.</p><h3 data-block-key=\\\"fhani\\\">cloud-init</h3><p data-block-key=\\\"2k2ut\\\">Don't get me wrong; I <i>love</i> Infrastructure as Code (aka Iac); I've invested countless hours getting to grips with <a href=\\\"https://saltproject.io\\\">Salt</a> in my spare time, and working with <a href=\\\"https://www.puppet.com\\\">Puppet</a> professionally. But when I wanted to start deploying development servers as easily and cheaply as possible\\u00a0I started with a <a href=\\\"https://cloud-init.io\\\">cloud-init</a> script, because even if I wanted to go full-on IaC later, that provided the quickest way to iterate and actually make sure everything was going where it was meant to be.</p><p data-block-key=\\\"7js5j\\\">And it turned out the time-to-deployment was so low (roughly 5 minutes), that it just hasn't been worth re-implementing everything you're about to see before you in higher-level abstractions.</p>\", \"id\": \"8110632c-348c-4f52-98fa-bfd359249e99\"}]",
      "live_revision": 70,
      "show_in_menus": false,
      "latest_revision": 70,
      "translation_key": "55d7808c-e0d0-4c92-b41e-46ade98eda23",
      "last_published_at": "2025-02-05T01:20:07.847Z",
      "first_published_at": "2025-02-05T01:20:07.847Z",
      "search_description": "",
      "wagtail_admin_comments": [],
      "has_unpublished_changes": false,
      "latest_revision_created_at": "2025-02-05T01:20:07.701Z"
    },
    "approved_go_live_at": null
  }
},
{
  "model": "wagtailcore.revision",
  "pk": 76,
  "fields": {
    "content_type": 52,
    "base_content_type": 1,
    "object_id": "10",
    "created_at": "2025-02-11T23:50:39.951Z",
    "user": 2,
    "object_str": "Deploying Django all at once",
    "content": {
      "pk": 10,
      "live": true,
      "path": "0001000200010006",
      "slug": "deploying-django-all-at-once",
      "depth": 4,
      "owner": 2,
      "title": "Deploying Django all at once",
      "locale": 1,
      "locked": false,
      "expired": false,
      "summary": "<p data-block-key=\"lhddo\">A step-by-step guide to deploying a Django app, for both development and production servers, to a single server in the cloud – using OpenTofu (a fork of Terraform), targeting DigitalOcean, utilising Just to manage the shell-scripting glue, and a <i>hell</i> of a lot of cloud-init.</p>",
      "alias_of": null,
      "numchild": 2,
      "url_path": "/home/blog/deploying-django-all-at-once/",
      "expire_at": null,
      "locked_at": null,
      "locked_by": null,
      "seo_title": "",
      "go_live_at": null,
      "draft_title": "Deploying Django all at once",
      "content_type": 52,
      "introduction": "[{\"type\": \"rich_text\", \"value\": \"<p data-block-key=\\\"xftwa\\\">The following is basically a walk-through of what I use to deploy this site. The <i>vast</i> majority of configuration is shared between between development, staging, test &amp; production environments, with features toggled and controlled entirely though settings files &amp; environment variables.</p><blockquote data-block-key=\\\"3ok7f\\\"><a href=\\\"https://github.com/hipikat/hpk.io\\\">This site's code is open source, MIT-licensed and publicly available on GitHub</a>, in case you want to see what I've been doing with it lately, or dig deeper into the code snippets offered below \\u2013\\u00a0but I'll try to keep this article as a \\\"live document\\\", and update it when anything significant changes.</blockquote><h2 data-block-key=\\\"4irsa\\\">The stack, or In Praise of Simplicity</h2><h3 data-block-key=\\\"6f3m3\\\">Just</h3><p data-block-key=\\\"dard0\\\">I use <a href=\\\"https://just.systems\\\">Just</a> as a command runner, with <a href=\\\"https://github.com/hipikat/hpk.io/blob/main/Justfile\\\">one very big Justfile</a>, and I can't recommend it highly enough. Shell scripts are alive and well [okay, well, as well as they've ever been] as the glue that holds all of \\\"computing\\\" and \\\"the internet\\\" together, whether you like it or not. Probably not.</p><p data-block-key=\\\"70uon\\\">Embracing Just amalgamates the dozens-to-hundreds of shell scripts any real project needs into a nice, sensible, single source. But if you're not into it or can't install it on that locked-down corporate server for some reason, the code <i>inside</i> my Justfile recipes is more-or-less POSIX-compliant shell script; you might just have to manage their yourself.</p><h3 data-block-key=\\\"3jt62\\\">OpenTofu</h3><p data-block-key=\\\"24ilr\\\">Hopefully you're familiar with <a href=\\\"https://www.terraform.io\\\">Terraform</a>? After HashiCorp changed it to use a Business Source License (BSL), it was <a href=\\\"https://opentofu.org/blog/opentofu-announces-fork-of-terraform/\\\">forked into OpenTofu</a>, which aims to be backwards compatible and retain feature parity. At least for small use-cases such as the one here you can basically just type <code>tofu</code> instead of <code>terraform</code>. Or you could just use Terraform. Either way, \\\"tofu\\\" requires 5 fewer key-strokes.</p><h3 data-block-key=\\\"fhani\\\">cloud-init</h3><p data-block-key=\\\"2k2ut\\\">Don't get me wrong; I <i>love</i> Infrastructure as Code (aka Iac); I've invested countless hours getting to grips with <a href=\\\"https://saltproject.io\\\">Salt</a> in my spare time, and working with <a href=\\\"https://www.puppet.com\\\">Puppet</a> professionally. But when I wanted to start deploying development servers as easily and cheaply as possible\\u00a0I started with a <a href=\\\"https://cloud-init.io\\\">cloud-init</a> script, because even if I wanted to go full-on IaC later, that provided the quickest way to iterate and actually make sure everything was going where it was meant to be.</p><p data-block-key=\\\"7js5j\\\">And it turned out the time-to-deployment was so low (roughly 5 minutes), that it just hasn't been worth re-implementing everything you're about to see before you in higher-level abstractions.</p>\", \"id\": \"8110632c-348c-4f52-98fa-bfd359249e99\"}]",
      "live_revision": 70,
      "show_in_menus": false,
      "latest_revision": 75,
      "translation_key": "55d7808c-e0d0-4c92-b41e-46ade98eda23",
      "last_published_at": "2025-02-05T01:20:07.847Z",
      "first_published_at": "2025-02-05T01:20:07.847Z",
      "search_description": "",
      "wagtail_admin_comments": [],
      "has_unpublished_changes": true,
      "latest_revision_created_at": "2025-02-11T23:50:19.979Z"
    },
    "approved_go_live_at": null
  }
},
{
  "model": "wagtailcore.revision",
  "pk": 77,
  "fields": {
    "content_type": 34,
    "base_content_type": 1,
    "object_id": "12",
    "created_at": "2025-02-15T03:51:12.542Z",
    "user": 2,
    "object_str": "The big cloud-init post",
    "content": {
      "pk": 12,
      "live": false,
      "path": "00010002000100060002",
      "slug": "the-big-cloud-init-post",
      "depth": 5,
      "owner": 2,
      "title": "The big cloud-init post",
      "locale": 1,
      "locked": false,
      "content": "[]",
      "expired": false,
      "summary": "<p data-block-key=\"9oba4\">Eschewing IaC, we look at the fast-enough and literally-step-by-step approach to telling a box in the cloud how to set up \"all the things\".</p>",
      "tagline": "",
      "alias_of": null,
      "numchild": 0,
      "url_path": "/home/blog/deploying-django-all-at-once/the-big-cloud-init-post/",
      "expire_at": null,
      "locked_at": null,
      "locked_by": null,
      "page_type": null,
      "seo_title": "",
      "go_live_at": null,
      "draft_title": "The big cloud-init post",
      "content_type": 34,
      "tagged_items": [],
      "live_revision": null,
      "show_in_menus": false,
      "latest_revision": 73,
      "translation_key": "38756b2b-7695-4dda-b839-04d924de4ffb",
      "last_published_at": null,
      "first_published_at": null,
      "search_description": "",
      "wagtail_admin_comments": [],
      "has_unpublished_changes": true,
      "latest_revision_created_at": "2025-02-05T22:16:47.990Z"
    },
    "approved_go_live_at": null
  }
},
{
  "model": "wagtailcore.grouppagepermission",
  "pk": 1,
  "fields": {
    "group": 1,
    "page": 1,
    "permission": 37
  }
},
{
  "model": "wagtailcore.grouppagepermission",
  "pk": 2,
  "fields": {
    "group": 1,
    "page": 1,
    "permission": 38
  }
},
{
  "model": "wagtailcore.grouppagepermission",
  "pk": 3,
  "fields": {
    "group": 1,
    "page": 1,
    "permission": 43
  }
},
{
  "model": "wagtailcore.grouppagepermission",
  "pk": 4,
  "fields": {
    "group": 2,
    "page": 1,
    "permission": 37
  }
},
{
  "model": "wagtailcore.grouppagepermission",
  "pk": 5,
  "fields": {
    "group": 2,
    "page": 1,
    "permission": 38
  }
},
{
  "model": "wagtailcore.grouppagepermission",
  "pk": 6,
  "fields": {
    "group": 1,
    "page": 1,
    "permission": 42
  }
},
{
  "model": "wagtailcore.grouppagepermission",
  "pk": 7,
  "fields": {
    "group": 1,
    "page": 1,
    "permission": 44
  }
},
{
  "model": "wagtailcore.workflowpage",
  "pk": 1,
  "fields": {
    "workflow": 1
  }
},
{
  "model": "wagtailcore.workflowtask",
  "pk": 1,
  "fields": {
    "sort_order": 0,
    "workflow": 1,
    "task": 1
  }
},
{
  "model": "wagtailcore.task",
  "pk": 1,
  "fields": {
    "name": "Moderators approval",
    "content_type": 3,
    "active": true
  }
},
{
  "model": "wagtailcore.workflow",
  "pk": 1,
  "fields": {
    "name": "Moderators approval",
    "active": true
  }
},
{
  "model": "wagtailcore.groupapprovaltask",
  "pk": 1,
  "fields": {
    "groups": [
      1
    ]
  }
},
{
  "model": "wagtailcore.pagelogentry",
  "pk": 1,
  "fields": {
    "content_type": 30,
    "label": "Home",
    "action": "wagtail.create",
    "data": {},
    "timestamp": "2025-01-24T00:53:43.650Z",
    "uuid": "cae9c101-4f3c-455e-a126-6b8f636449a9",
    "user": 2,
    "revision": null,
    "content_changed": true,
    "deleted": false,
    "page": 3
  }
},
{
  "model": "wagtailcore.pagelogentry",
  "pk": 2,
  "fields": {
    "content_type": 30,
    "label": "Home",
    "action": "wagtail.edit",
    "data": {},
    "timestamp": "2025-01-24T00:53:43.718Z",
    "uuid": "cae9c101-4f3c-455e-a126-6b8f636449a9",
    "user": 2,
    "revision": 1,
    "content_changed": true,
    "deleted": false,
    "page": 3
  }
},
{
  "model": "wagtailcore.pagelogentry",
  "pk": 3,
  "fields": {
    "content_type": 1,
    "label": "Welcome to your new Wagtail site!",
    "action": "wagtail.delete",
    "data": {},
    "timestamp": "2025-01-24T00:54:38.400Z",
    "uuid": "e0f81cca-edbb-4edb-ae50-68f05ee99014",
    "user": 2,
    "revision": null,
    "content_changed": false,
    "deleted": true,
    "page": 2
  }
},
{
  "model": "wagtailcore.pagelogentry",
  "pk": 4,
  "fields": {
    "content_type": 30,
    "label": "Home",
    "action": "wagtail.edit",
    "data": {},
    "timestamp": "2025-01-24T00:54:57.209Z",
    "uuid": "b588e4bc-a974-4085-910c-a97be09b6d5e",
    "user": 2,
    "revision": 2,
    "content_changed": true,
    "deleted": false,
    "page": 3
  }
},
{
  "model": "wagtailcore.pagelogentry",
  "pk": 5,
  "fields": {
    "content_type": 30,
    "label": "Home",
    "action": "wagtail.publish",
    "data": {},
    "timestamp": "2025-01-24T00:54:57.359Z",
    "uuid": "b588e4bc-a974-4085-910c-a97be09b6d5e",
    "user": 2,
    "revision": 2,
    "content_changed": true,
    "deleted": false,
    "page": 3
  }
},
{
  "model": "wagtailcore.pagelogentry",
  "pk": 6,
  "fields": {
    "content_type": 30,
    "label": "Home",
    "action": "wagtail.edit",
    "data": {},
    "timestamp": "2025-01-24T00:55:15.494Z",
    "uuid": "b6681204-497a-406f-bae4-c66baaf59198",
    "user": 2,
    "revision": 3,
    "content_changed": true,
    "deleted": false,
    "page": 3
  }
},
{
  "model": "wagtailcore.pagelogentry",
  "pk": 7,
  "fields": {
    "content_type": 30,
    "label": "Home",
    "action": "wagtail.edit",
    "data": {},
    "timestamp": "2025-01-24T00:55:22.806Z",
    "uuid": "d953a14d-b46e-406a-b2d9-9f21827b8c1e",
    "user": 2,
    "revision": 4,
    "content_changed": true,
    "deleted": false,
    "page": 3
  }
},
{
  "model": "wagtailcore.pagelogentry",
  "pk": 8,
  "fields": {
    "content_type": 30,
    "label": "Home",
    "action": "wagtail.publish",
    "data": {},
    "timestamp": "2025-01-24T00:55:22.916Z",
    "uuid": "d953a14d-b46e-406a-b2d9-9f21827b8c1e",
    "user": 2,
    "revision": 4,
    "content_changed": true,
    "deleted": false,
    "page": 3
  }
},
{
  "model": "wagtailcore.pagelogentry",
  "pk": 9,
  "fields": {
    "content_type": 32,
    "label": "Blog",
    "action": "wagtail.create",
    "data": {},
    "timestamp": "2025-01-24T00:56:10.196Z",
    "uuid": "97e887d7-98b7-4671-b6e0-2e287c79fc8c",
    "user": 2,
    "revision": null,
    "content_changed": true,
    "deleted": false,
    "page": 4
  }
},
{
  "model": "wagtailcore.pagelogentry",
  "pk": 10,
  "fields": {
    "content_type": 32,
    "label": "Blog",
    "action": "wagtail.edit",
    "data": {},
    "timestamp": "2025-01-24T00:56:10.270Z",
    "uuid": "97e887d7-98b7-4671-b6e0-2e287c79fc8c",
    "user": 2,
    "revision": 5,
    "content_changed": true,
    "deleted": false,
    "page": 4
  }
},
{
  "model": "wagtailcore.pagelogentry",
  "pk": 11,
  "fields": {
    "content_type": 32,
    "label": "Blog",
    "action": "wagtail.publish",
    "data": {},
    "timestamp": "2025-01-24T00:56:10.368Z",
    "uuid": "97e887d7-98b7-4671-b6e0-2e287c79fc8c",
    "user": 2,
    "revision": 5,
    "content_changed": true,
    "deleted": false,
    "page": 4
  }
},
{
  "model": "wagtailcore.pagelogentry",
  "pk": 12,
  "fields": {
    "content_type": 30,
    "label": "Home",
    "action": "wagtail.edit",
    "data": {},
    "timestamp": "2025-01-25T23:32:49.889Z",
    "uuid": "33453ae0-b587-43ca-a41f-b687784cbf6c",
    "user": 2,
    "revision": 6,
    "content_changed": true,
    "deleted": false,
    "page": 3
  }
},
{
  "model": "wagtailcore.pagelogentry",
  "pk": 13,
  "fields": {
    "content_type": 30,
    "label": "Home",
    "action": "wagtail.publish",
    "data": {},
    "timestamp": "2025-01-25T23:32:50.221Z",
    "uuid": "33453ae0-b587-43ca-a41f-b687784cbf6c",
    "user": 2,
    "revision": 6,
    "content_changed": true,
    "deleted": false,
    "page": 3
  }
},
{
  "model": "wagtailcore.pagelogentry",
  "pk": 14,
  "fields": {
    "content_type": 30,
    "label": "Home",
    "action": "wagtail.edit",
    "data": {},
    "timestamp": "2025-01-25T23:41:05.441Z",
    "uuid": "4cb1e65b-b1dc-48e4-8e68-4a3d2955b0c2",
    "user": 2,
    "revision": 7,
    "content_changed": true,
    "deleted": false,
    "page": 3
  }
},
{
  "model": "wagtailcore.pagelogentry",
  "pk": 15,
  "fields": {
    "content_type": 30,
    "label": "Home",
    "action": "wagtail.publish",
    "data": {},
    "timestamp": "2025-01-25T23:41:05.670Z",
    "uuid": "4cb1e65b-b1dc-48e4-8e68-4a3d2955b0c2",
    "user": 2,
    "revision": 7,
    "content_changed": true,
    "deleted": false,
    "page": 3
  }
},
{
  "model": "wagtailcore.pagelogentry",
  "pk": 16,
  "fields": {
    "content_type": 30,
    "label": "Home",
    "action": "wagtail.edit",
    "data": {},
    "timestamp": "2025-01-26T02:30:38.998Z",
    "uuid": "18595fed-8917-474a-a2b9-b22a437f98d0",
    "user": 2,
    "revision": 8,
    "content_changed": true,
    "deleted": false,
    "page": 3
  }
},
{
  "model": "wagtailcore.pagelogentry",
  "pk": 17,
  "fields": {
    "content_type": 30,
    "label": "Home",
    "action": "wagtail.publish",
    "data": {},
    "timestamp": "2025-01-26T02:30:39.283Z",
    "uuid": "18595fed-8917-474a-a2b9-b22a437f98d0",
    "user": 2,
    "revision": 8,
    "content_changed": true,
    "deleted": false,
    "page": 3
  }
},
{
  "model": "wagtailcore.pagelogentry",
  "pk": 18,
  "fields": {
    "content_type": 30,
    "label": "Home",
    "action": "wagtail.edit",
    "data": {},
    "timestamp": "2025-01-26T03:49:16.133Z",
    "uuid": "2f5d6482-6dbb-4caa-b224-29d3fe6d6de6",
    "user": 2,
    "revision": 9,
    "content_changed": true,
    "deleted": false,
    "page": 3
  }
},
{
  "model": "wagtailcore.pagelogentry",
  "pk": 19,
  "fields": {
    "content_type": 30,
    "label": "Home",
    "action": "wagtail.publish",
    "data": {},
    "timestamp": "2025-01-26T03:49:16.209Z",
    "uuid": "2f5d6482-6dbb-4caa-b224-29d3fe6d6de6",
    "user": 2,
    "revision": 9,
    "content_changed": true,
    "deleted": false,
    "page": 3
  }
},
{
  "model": "wagtailcore.pagelogentry",
  "pk": 20,
  "fields": {
    "content_type": 34,
    "label": "So I decided to start a blog",
    "action": "wagtail.create",
    "data": {},
    "timestamp": "2025-01-26T04:05:16.448Z",
    "uuid": "0720ab60-481b-41d4-a284-070d298d2613",
    "user": 2,
    "revision": null,
    "content_changed": true,
    "deleted": false,
    "page": 5
  }
},
{
  "model": "wagtailcore.pagelogentry",
  "pk": 21,
  "fields": {
    "content_type": 34,
    "label": "So I decided to start a blog",
    "action": "wagtail.edit",
    "data": {},
    "timestamp": "2025-01-26T04:05:16.502Z",
    "uuid": "0720ab60-481b-41d4-a284-070d298d2613",
    "user": 2,
    "revision": 10,
    "content_changed": true,
    "deleted": false,
    "page": 5
  }
},
{
  "model": "wagtailcore.pagelogentry",
  "pk": 22,
  "fields": {
    "content_type": 30,
    "label": "Home",
    "action": "wagtail.edit",
    "data": {},
    "timestamp": "2025-01-26T04:12:20.460Z",
    "uuid": "ee304091-39dd-44d8-86f2-1292f13af2ef",
    "user": 2,
    "revision": 11,
    "content_changed": true,
    "deleted": false,
    "page": 3
  }
},
{
  "model": "wagtailcore.pagelogentry",
  "pk": 23,
  "fields": {
    "content_type": 30,
    "label": "Home",
    "action": "wagtail.publish",
    "data": {},
    "timestamp": "2025-01-26T04:12:20.543Z",
    "uuid": "ee304091-39dd-44d8-86f2-1292f13af2ef",
    "user": 2,
    "revision": 11,
    "content_changed": true,
    "deleted": false,
    "page": 3
  }
},
{
  "model": "wagtailcore.pagelogentry",
  "pk": 24,
  "fields": {
    "content_type": 34,
    "label": "Just using a Justfile",
    "action": "wagtail.create",
    "data": {},
    "timestamp": "2025-01-26T04:46:44.403Z",
    "uuid": "b74edff2-5c3b-42e9-9479-9456d906f7fd",
    "user": 2,
    "revision": null,
    "content_changed": true,
    "deleted": false,
    "page": 6
  }
},
{
  "model": "wagtailcore.pagelogentry",
  "pk": 25,
  "fields": {
    "content_type": 34,
    "label": "Just using a Justfile",
    "action": "wagtail.edit",
    "data": {},
    "timestamp": "2025-01-26T04:46:44.490Z",
    "uuid": "b74edff2-5c3b-42e9-9479-9456d906f7fd",
    "user": 2,
    "revision": 12,
    "content_changed": true,
    "deleted": false,
    "page": 6
  }
},
{
  "model": "wagtailcore.pagelogentry",
  "pk": 26,
  "fields": {
    "content_type": 34,
    "label": "pre-commit, Python types & virtual envs",
    "action": "wagtail.create",
    "data": {},
    "timestamp": "2025-01-26T04:49:53.531Z",
    "uuid": "d2413053-7675-4d9f-98a3-2b0c30bbefc7",
    "user": 2,
    "revision": null,
    "content_changed": true,
    "deleted": false,
    "page": 7
  }
},
{
  "model": "wagtailcore.pagelogentry",
  "pk": 27,
  "fields": {
    "content_type": 34,
    "label": "pre-commit, Python types & virtual envs",
    "action": "wagtail.edit",
    "data": {},
    "timestamp": "2025-01-26T04:49:53.589Z",
    "uuid": "d2413053-7675-4d9f-98a3-2b0c30bbefc7",
    "user": 2,
    "revision": 13,
    "content_changed": true,
    "deleted": false,
    "page": 7
  }
},
{
  "model": "wagtailcore.pagelogentry",
  "pk": 28,
  "fields": {
    "content_type": 34,
    "label": "Deploying Django all at once",
    "action": "wagtail.create",
    "data": {},
    "timestamp": "2025-01-26T04:51:13.241Z",
    "uuid": "01462d75-b03b-41a7-a199-e405a854f00b",
    "user": 2,
    "revision": null,
    "content_changed": true,
    "deleted": false,
    "page": 8
  }
},
{
  "model": "wagtailcore.pagelogentry",
  "pk": 29,
  "fields": {
    "content_type": 34,
    "label": "Deploying Django all at once",
    "action": "wagtail.edit",
    "data": {},
    "timestamp": "2025-01-26T04:51:13.317Z",
    "uuid": "01462d75-b03b-41a7-a199-e405a854f00b",
    "user": 2,
    "revision": 14,
    "content_changed": true,
    "deleted": false,
    "page": 8
  }
},
{
  "model": "wagtailcore.pagelogentry",
  "pk": 30,
  "fields": {
    "content_type": 34,
    "label": "So I decided to start a blog",
    "action": "wagtail.edit",
    "data": {},
    "timestamp": "2025-01-26T04:59:33.478Z",
    "uuid": "91f7422a-4ded-401f-969b-0de7c85a0791",
    "user": 2,
    "revision": 15,
    "content_changed": true,
    "deleted": false,
    "page": 5
  }
},
{
  "model": "wagtailcore.pagelogentry",
  "pk": 31,
  "fields": {
    "content_type": 34,
    "label": "So I decided to start a blog",
    "action": "wagtail.publish",
    "data": {},
    "timestamp": "2025-01-26T04:59:33.598Z",
    "uuid": "91f7422a-4ded-401f-969b-0de7c85a0791",
    "user": 2,
    "revision": 15,
    "content_changed": false,
    "deleted": false,
    "page": 5
  }
},
{
  "model": "wagtailcore.pagelogentry",
  "pk": 32,
  "fields": {
    "content_type": 34,
    "label": "So I decided to start a blog",
    "action": "wagtail.edit",
    "data": {},
    "timestamp": "2025-01-26T06:13:40.704Z",
    "uuid": "07e1acc3-d5af-4ff5-9b7c-520709a02248",
    "user": 2,
    "revision": 16,
    "content_changed": true,
    "deleted": false,
    "page": 5
  }
},
{
  "model": "wagtailcore.pagelogentry",
  "pk": 33,
  "fields": {
    "content_type": 34,
    "label": "So I decided to start a blog",
    "action": "wagtail.publish",
    "data": {},
    "timestamp": "2025-01-26T06:13:40.799Z",
    "uuid": "07e1acc3-d5af-4ff5-9b7c-520709a02248",
    "user": 2,
    "revision": 16,
    "content_changed": true,
    "deleted": false,
    "page": 5
  }
},
{
  "model": "wagtailcore.pagelogentry",
  "pk": 34,
  "fields": {
    "content_type": 34,
    "label": "So I decided to start a blog",
    "action": "wagtail.edit",
    "data": {},
    "timestamp": "2025-01-26T06:22:06.017Z",
    "uuid": "311de7a9-9b52-4c1a-9e3f-549b182bd8c0",
    "user": 2,
    "revision": 17,
    "content_changed": true,
    "deleted": false,
    "page": 5
  }
},
{
  "model": "wagtailcore.pagelogentry",
  "pk": 35,
  "fields": {
    "content_type": 34,
    "label": "So I decided to start a blog",
    "action": "wagtail.edit",
    "data": {},
    "timestamp": "2025-01-26T06:22:41.510Z",
    "uuid": "672f431d-712b-4def-979c-3d955f4a2b4f",
    "user": 2,
    "revision": 18,
    "content_changed": true,
    "deleted": false,
    "page": 5
  }
},
{
  "model": "wagtailcore.pagelogentry",
  "pk": 36,
  "fields": {
    "content_type": 34,
    "label": "So I decided to start a blog",
    "action": "wagtail.edit",
    "data": {},
    "timestamp": "2025-01-26T07:47:25.879Z",
    "uuid": "cfebe668-eb11-4cd7-b2e2-7f9983d1bde0",
    "user": 2,
    "revision": 19,
    "content_changed": true,
    "deleted": false,
    "page": 5
  }
},
{
  "model": "wagtailcore.pagelogentry",
  "pk": 37,
  "fields": {
    "content_type": 34,
    "label": "So I decided to start a blog",
    "action": "wagtail.publish",
    "data": {},
    "timestamp": "2025-01-26T07:47:25.990Z",
    "uuid": "cfebe668-eb11-4cd7-b2e2-7f9983d1bde0",
    "user": 2,
    "revision": 19,
    "content_changed": true,
    "deleted": false,
    "page": 5
  }
},
{
  "model": "wagtailcore.pagelogentry",
  "pk": 38,
  "fields": {
    "content_type": 34,
    "label": "Just using a Justfile",
    "action": "wagtail.edit",
    "data": {},
    "timestamp": "2025-01-26T08:47:45.864Z",
    "uuid": "3bbe69f7-3b93-4f9e-95ac-4107a9b1fa8d",
    "user": 2,
    "revision": 20,
    "content_changed": true,
    "deleted": false,
    "page": 6
  }
},
{
  "model": "wagtailcore.pagelogentry",
  "pk": 39,
  "fields": {
    "content_type": 34,
    "label": "So I decided to start a blog",
    "action": "wagtail.unpublish",
    "data": {},
    "timestamp": "2025-01-26T15:17:51.874Z",
    "uuid": "1f1af304-9c82-4e48-901e-937e11ab08e6",
    "user": 2,
    "revision": null,
    "content_changed": false,
    "deleted": false,
    "page": 5
  }
},
{
  "model": "wagtailcore.pagelogentry",
  "pk": 40,
  "fields": {
    "content_type": 32,
    "label": "Blog",
    "action": "wagtail.unpublish",
    "data": {},
    "timestamp": "2025-01-26T15:26:39.095Z",
    "uuid": "7097e239-8ef3-4d59-b3e8-c3863abe3e2c",
    "user": 2,
    "revision": null,
    "content_changed": false,
    "deleted": false,
    "page": 4
  }
},
{
  "model": "wagtailcore.pagelogentry",
  "pk": 41,
  "fields": {
    "content_type": 34,
    "label": "So I decided to start a blog",
    "action": "wagtail.edit",
    "data": {},
    "timestamp": "2025-01-27T01:11:01.955Z",
    "uuid": "bb866469-6a5f-4d4c-8729-54e249bd4863",
    "user": 2,
    "revision": 21,
    "content_changed": true,
    "deleted": false,
    "page": 5
  }
},
{
  "model": "wagtailcore.pagelogentry",
  "pk": 42,
  "fields": {
    "content_type": 34,
    "label": "So I decided to start a blog",
    "action": "wagtail.edit",
    "data": {},
    "timestamp": "2025-01-27T02:07:18.976Z",
    "uuid": "b099ed18-b97b-4e6a-ae09-2ba417f04954",
    "user": 2,
    "revision": 22,
    "content_changed": true,
    "deleted": false,
    "page": 5
  }
},
{
  "model": "wagtailcore.pagelogentry",
  "pk": 43,
  "fields": {
    "content_type": 32,
    "label": "Blog",
    "action": "wagtail.edit",
    "data": {},
    "timestamp": "2025-01-27T02:35:39.949Z",
    "uuid": "2c5822a8-5369-4037-a3b1-6cefaf560ca6",
    "user": 2,
    "revision": 23,
    "content_changed": true,
    "deleted": false,
    "page": 4
  }
},
{
  "model": "wagtailcore.pagelogentry",
  "pk": 44,
  "fields": {
    "content_type": 32,
    "label": "Blog",
    "action": "wagtail.publish",
    "data": {},
    "timestamp": "2025-01-27T02:35:40.003Z",
    "uuid": "2c5822a8-5369-4037-a3b1-6cefaf560ca6",
    "user": 2,
    "revision": 23,
    "content_changed": false,
    "deleted": false,
    "page": 4
  }
},
{
  "model": "wagtailcore.pagelogentry",
  "pk": 45,
  "fields": {
    "content_type": 34,
    "label": "So I decided to start a blog",
    "action": "wagtail.edit",
    "data": {},
    "timestamp": "2025-01-27T02:38:13.121Z",
    "uuid": "8c29b74a-1de8-43bb-af89-f13e0e827c2b",
    "user": 2,
    "revision": 24,
    "content_changed": true,
    "deleted": false,
    "page": 5
  }
},
{
  "model": "wagtailcore.pagelogentry",
  "pk": 46,
  "fields": {
    "content_type": 34,
    "label": "So I decided to start a blog",
    "action": "wagtail.publish",
    "data": {},
    "timestamp": "2025-01-27T02:38:13.312Z",
    "uuid": "8c29b74a-1de8-43bb-af89-f13e0e827c2b",
    "user": 2,
    "revision": 24,
    "content_changed": false,
    "deleted": false,
    "page": 5
  }
},
{
  "model": "wagtailcore.pagelogentry",
  "pk": 47,
  "fields": {
    "content_type": 34,
    "label": "So I decided to start a blog",
    "action": "wagtail.edit",
    "data": {},
    "timestamp": "2025-01-27T06:22:52.117Z",
    "uuid": "f527df3c-c6fd-4335-8c26-339d7adf047a",
    "user": 2,
    "revision": 25,
    "content_changed": true,
    "deleted": false,
    "page": 5
  }
},
{
  "model": "wagtailcore.pagelogentry",
  "pk": 48,
  "fields": {
    "content_type": 34,
    "label": "So I decided to start a blog",
    "action": "wagtail.publish",
    "data": {},
    "timestamp": "2025-01-27T06:22:52.281Z",
    "uuid": "f527df3c-c6fd-4335-8c26-339d7adf047a",
    "user": 2,
    "revision": 25,
    "content_changed": true,
    "deleted": false,
    "page": 5
  }
},
{
  "model": "wagtailcore.pagelogentry",
  "pk": 49,
  "fields": {
    "content_type": 34,
    "label": "So I decided to start a blog",
    "action": "wagtail.edit",
    "data": {},
    "timestamp": "2025-01-27T06:49:58.561Z",
    "uuid": "ae778c0f-9a53-4a3a-8445-65e7f2f864ff",
    "user": 2,
    "revision": 26,
    "content_changed": true,
    "deleted": false,
    "page": 5
  }
},
{
  "model": "wagtailcore.pagelogentry",
  "pk": 50,
  "fields": {
    "content_type": 34,
    "label": "So I decided to start a blog",
    "action": "wagtail.publish",
    "data": {},
    "timestamp": "2025-01-27T06:49:58.681Z",
    "uuid": "ae778c0f-9a53-4a3a-8445-65e7f2f864ff",
    "user": 2,
    "revision": 26,
    "content_changed": true,
    "deleted": false,
    "page": 5
  }
},
{
  "model": "wagtailcore.pagelogentry",
  "pk": 51,
  "fields": {
    "content_type": 34,
    "label": "Django settings in 4 parts",
    "action": "wagtail.create",
    "data": {},
    "timestamp": "2025-01-27T06:55:00.829Z",
    "uuid": "40da8be5-43ea-4b59-a95e-c5e65e20fc2e",
    "user": 2,
    "revision": null,
    "content_changed": true,
    "deleted": false,
    "page": 9
  }
},
{
  "model": "wagtailcore.pagelogentry",
  "pk": 52,
  "fields": {
    "content_type": 34,
    "label": "Django settings in 4 parts",
    "action": "wagtail.edit",
    "data": {},
    "timestamp": "2025-01-27T06:55:00.912Z",
    "uuid": "40da8be5-43ea-4b59-a95e-c5e65e20fc2e",
    "user": 2,
    "revision": 27,
    "content_changed": true,
    "deleted": false,
    "page": 9
  }
},
{
  "model": "wagtailcore.pagelogentry",
  "pk": 53,
  "fields": {
    "content_type": 34,
    "label": "Django settings in 4 parts",
    "action": "wagtail.edit",
    "data": {},
    "timestamp": "2025-01-27T06:57:11.508Z",
    "uuid": "8e0e4c4f-de62-4621-9de0-cbb90fe5f217",
    "user": 2,
    "revision": 28,
    "content_changed": true,
    "deleted": false,
    "page": 9
  }
},
{
  "model": "wagtailcore.pagelogentry",
  "pk": 54,
  "fields": {
    "content_type": 34,
    "label": "Deploying Django all at once",
    "action": "wagtail.edit",
    "data": {},
    "timestamp": "2025-01-28T03:52:03.919Z",
    "uuid": "4531e4a9-45eb-4bf7-a8d8-360ccd96275d",
    "user": 2,
    "revision": 29,
    "content_changed": true,
    "deleted": false,
    "page": 8
  }
},
{
  "model": "wagtailcore.pagelogentry",
  "pk": 55,
  "fields": {
    "content_type": 34,
    "label": "Deploying Django all at once",
    "action": "wagtail.edit",
    "data": {},
    "timestamp": "2025-01-28T03:54:07.334Z",
    "uuid": "c9cf651d-4ef9-476b-993d-7d5be3079646",
    "user": 2,
    "revision": 30,
    "content_changed": true,
    "deleted": false,
    "page": 8
  }
},
{
  "model": "wagtailcore.pagelogentry",
  "pk": 56,
  "fields": {
    "content_type": 34,
    "label": "Deploying Django all at once",
    "action": "wagtail.edit",
    "data": {},
    "timestamp": "2025-01-28T03:54:35.529Z",
    "uuid": "6708f3d0-f221-42c9-9819-17643b07c3d3",
    "user": 2,
    "revision": 31,
    "content_changed": true,
    "deleted": false,
    "page": 8
  }
},
{
  "model": "wagtailcore.pagelogentry",
  "pk": 57,
  "fields": {
    "content_type": 34,
    "label": "Deploying Django all at once",
    "action": "wagtail.edit",
    "data": {},
    "timestamp": "2025-01-28T03:55:38.964Z",
    "uuid": "ee893425-b65f-42e7-b952-db9075c5c48b",
    "user": 2,
    "revision": 32,
    "content_changed": true,
    "deleted": false,
    "page": 8
  }
},
{
  "model": "wagtailcore.pagelogentry",
  "pk": 58,
  "fields": {
    "content_type": 34,
    "label": "Deploying Django all at once",
    "action": "wagtail.edit",
    "data": {},
    "timestamp": "2025-01-28T03:56:03.127Z",
    "uuid": "abaa0b7f-7c0a-4d88-9008-29a08e9dbaeb",
    "user": 2,
    "revision": 33,
    "content_changed": true,
    "deleted": false,
    "page": 8
  }
},
{
  "model": "wagtailcore.pagelogentry",
  "pk": 59,
  "fields": {
    "content_type": 34,
    "label": "Django settings in 4 parts",
    "action": "wagtail.edit",
    "data": {},
    "timestamp": "2025-01-29T03:01:08.462Z",
    "uuid": "58ff21fc-81ee-45d8-82c8-514fe731d665",
    "user": 2,
    "revision": 34,
    "content_changed": true,
    "deleted": false,
    "page": 9
  }
},
{
  "model": "wagtailcore.pagelogentry",
  "pk": 60,
  "fields": {
    "content_type": 34,
    "label": "Django settings in 4 parts",
    "action": "wagtail.edit",
    "data": {},
    "timestamp": "2025-01-29T03:02:39.953Z",
    "uuid": "496bb14c-88e3-4ec6-ab46-fe0510c13130",
    "user": 2,
    "revision": 35,
    "content_changed": true,
    "deleted": false,
    "page": 9
  }
},
{
  "model": "wagtailcore.pagelogentry",
  "pk": 61,
  "fields": {
    "content_type": 34,
    "label": "Django settings in 4 parts",
    "action": "wagtail.edit",
    "data": {},
    "timestamp": "2025-01-29T03:03:00.901Z",
    "uuid": "998df652-e300-4f6a-915c-1a2233b24348",
    "user": 2,
    "revision": 36,
    "content_changed": true,
    "deleted": false,
    "page": 9
  }
},
{
  "model": "wagtailcore.pagelogentry",
  "pk": 62,
  "fields": {
    "content_type": 34,
    "label": "Django settings in 4 parts",
    "action": "wagtail.publish",
    "data": {},
    "timestamp": "2025-01-29T03:03:01Z",
    "uuid": "998df652-e300-4f6a-915c-1a2233b24348",
    "user": 2,
    "revision": 36,
    "content_changed": false,
    "deleted": false,
    "page": 9
  }
},
{
  "model": "wagtailcore.pagelogentry",
  "pk": 63,
  "fields": {
    "content_type": 34,
    "label": "Django settings in 4 parts",
    "action": "wagtail.edit",
    "data": {},
    "timestamp": "2025-01-29T03:25:02.693Z",
    "uuid": "514c9004-267e-444d-b6cd-de0f2a7cad5c",
    "user": 2,
    "revision": 37,
    "content_changed": true,
    "deleted": false,
    "page": 9
  }
},
{
  "model": "wagtailcore.pagelogentry",
  "pk": 64,
  "fields": {
    "content_type": 34,
    "label": "Django settings in 4 parts",
    "action": "wagtail.edit",
    "data": {},
    "timestamp": "2025-01-29T03:25:38.913Z",
    "uuid": "53619828-fec1-4baa-91a5-15d8845f5bf0",
    "user": 2,
    "revision": 38,
    "content_changed": true,
    "deleted": false,
    "page": 9
  }
},
{
  "model": "wagtailcore.pagelogentry",
  "pk": 65,
  "fields": {
    "content_type": 34,
    "label": "Django settings in 4 parts",
    "action": "wagtail.publish",
    "data": {},
    "timestamp": "2025-01-29T03:25:38.977Z",
    "uuid": "53619828-fec1-4baa-91a5-15d8845f5bf0",
    "user": 2,
    "revision": 38,
    "content_changed": false,
    "deleted": false,
    "page": 9
  }
},
{
  "model": "wagtailcore.pagelogentry",
  "pk": 66,
  "fields": {
    "content_type": 34,
    "label": "Django settings in 4 parts",
    "action": "wagtail.edit",
    "data": {},
    "timestamp": "2025-01-29T03:31:03.846Z",
    "uuid": "3e41880b-f596-496d-95b4-10c41f8f9036",
    "user": 2,
    "revision": 39,
    "content_changed": true,
    "deleted": false,
    "page": 9
  }
},
{
  "model": "wagtailcore.pagelogentry",
  "pk": 67,
  "fields": {
    "content_type": 34,
    "label": "Django settings in 4 parts",
    "action": "wagtail.publish",
    "data": {},
    "timestamp": "2025-01-29T03:31:05.715Z",
    "uuid": "3e41880b-f596-496d-95b4-10c41f8f9036",
    "user": 2,
    "revision": 39,
    "content_changed": true,
    "deleted": false,
    "page": 9
  }
},
{
  "model": "wagtailcore.pagelogentry",
  "pk": 68,
  "fields": {
    "content_type": 34,
    "label": "Django settings in 4 parts",
    "action": "wagtail.edit",
    "data": {},
    "timestamp": "2025-01-29T03:52:08.776Z",
    "uuid": "2b4d4c0a-c6d3-4f2b-90f0-8ebea54488f5",
    "user": 2,
    "revision": 40,
    "content_changed": true,
    "deleted": false,
    "page": 9
  }
},
{
  "model": "wagtailcore.pagelogentry",
  "pk": 69,
  "fields": {
    "content_type": 34,
    "label": "Django settings in 4 parts",
    "action": "wagtail.edit",
    "data": {},
    "timestamp": "2025-01-29T03:59:41.322Z",
    "uuid": "9a635ae3-84d3-49a0-ad2e-7cb08a883c6b",
    "user": 2,
    "revision": 41,
    "content_changed": true,
    "deleted": false,
    "page": 9
  }
},
{
  "model": "wagtailcore.pagelogentry",
  "pk": 70,
  "fields": {
    "content_type": 34,
    "label": "Django settings in 4 parts",
    "action": "wagtail.edit",
    "data": {},
    "timestamp": "2025-01-29T04:01:02.131Z",
    "uuid": "5aa4bfff-8f9c-4a2e-90cb-055caf6f5acc",
    "user": 2,
    "revision": 42,
    "content_changed": true,
    "deleted": false,
    "page": 9
  }
},
{
  "model": "wagtailcore.pagelogentry",
  "pk": 71,
  "fields": {
    "content_type": 34,
    "label": "Django settings in 4 parts",
    "action": "wagtail.edit",
    "data": {},
    "timestamp": "2025-01-29T04:01:28.678Z",
    "uuid": "0d494dec-82c6-46d9-8782-bad26252f274",
    "user": 2,
    "revision": 43,
    "content_changed": true,
    "deleted": false,
    "page": 9
  }
},
{
  "model": "wagtailcore.pagelogentry",
  "pk": 72,
  "fields": {
    "content_type": 34,
    "label": "Django settings in 4 parts",
    "action": "wagtail.publish",
    "data": {},
    "timestamp": "2025-01-29T04:01:28.770Z",
    "uuid": "0d494dec-82c6-46d9-8782-bad26252f274",
    "user": 2,
    "revision": 43,
    "content_changed": false,
    "deleted": false,
    "page": 9
  }
},
{
  "model": "wagtailcore.pagelogentry",
  "pk": 73,
  "fields": {
    "content_type": 34,
    "label": "Django settings in 4 parts",
    "action": "wagtail.edit",
    "data": {},
    "timestamp": "2025-01-29T04:08:10.694Z",
    "uuid": "bfb8e2dd-492a-4c1a-8baa-a91007ea2920",
    "user": 2,
    "revision": 44,
    "content_changed": true,
    "deleted": false,
    "page": 9
  }
},
{
  "model": "wagtailcore.pagelogentry",
  "pk": 74,
  "fields": {
    "content_type": 34,
    "label": "Django settings in 4 parts",
    "action": "wagtail.publish",
    "data": {},
    "timestamp": "2025-01-29T04:08:10.765Z",
    "uuid": "bfb8e2dd-492a-4c1a-8baa-a91007ea2920",
    "user": 2,
    "revision": 44,
    "content_changed": true,
    "deleted": false,
    "page": 9
  }
},
{
  "model": "wagtailcore.pagelogentry",
  "pk": 75,
  "fields": {
    "content_type": 34,
    "label": "Django settings in 4 parts",
    "action": "wagtail.edit",
    "data": {},
    "timestamp": "2025-01-29T06:29:11.211Z",
    "uuid": "18ca27d1-8425-4e14-87e1-2d9dbf775b31",
    "user": 2,
    "revision": 45,
    "content_changed": true,
    "deleted": false,
    "page": 9
  }
},
{
  "model": "wagtailcore.pagelogentry",
  "pk": 76,
  "fields": {
    "content_type": 34,
    "label": "Django settings in 4 parts",
    "action": "wagtail.edit",
    "data": {},
    "timestamp": "2025-01-30T01:04:21.632Z",
    "uuid": "0a17bbe8-de93-41fd-9745-49a6d939f9c0",
    "user": 2,
    "revision": 46,
    "content_changed": true,
    "deleted": false,
    "page": 9
  }
},
{
  "model": "wagtailcore.pagelogentry",
  "pk": 77,
  "fields": {
    "content_type": 34,
    "label": "Django settings in 4 parts",
    "action": "wagtail.edit",
    "data": {},
    "timestamp": "2025-01-30T01:08:35.741Z",
    "uuid": "0f95776a-2d1b-4b8d-a953-3d2f7ac6bc0f",
    "user": 2,
    "revision": 47,
    "content_changed": true,
    "deleted": false,
    "page": 9
  }
},
{
  "model": "wagtailcore.pagelogentry",
  "pk": 78,
  "fields": {
    "content_type": 34,
    "label": "Django settings in 4 parts",
    "action": "wagtail.edit",
    "data": {},
    "timestamp": "2025-01-30T02:23:08.678Z",
    "uuid": "b8a0d62c-50a3-402a-99d2-8f510d16eebf",
    "user": 2,
    "revision": 48,
    "content_changed": true,
    "deleted": false,
    "page": 9
  }
},
{
  "model": "wagtailcore.pagelogentry",
  "pk": 79,
  "fields": {
    "content_type": 34,
    "label": "Django settings in 4 parts",
    "action": "wagtail.edit",
    "data": {},
    "timestamp": "2025-01-30T02:24:43.504Z",
    "uuid": "4ee0b0c0-7c00-4f54-b42c-ee0e958246c2",
    "user": 2,
    "revision": 49,
    "content_changed": true,
    "deleted": false,
    "page": 9
  }
},
{
  "model": "wagtailcore.pagelogentry",
  "pk": 80,
  "fields": {
    "content_type": 34,
    "label": "Django settings in 4 parts",
    "action": "wagtail.publish",
    "data": {},
    "timestamp": "2025-01-30T02:24:43.728Z",
    "uuid": "4ee0b0c0-7c00-4f54-b42c-ee0e958246c2",
    "user": 2,
    "revision": 49,
    "content_changed": true,
    "deleted": false,
    "page": 9
  }
},
{
  "model": "wagtailcore.pagelogentry",
  "pk": 81,
  "fields": {
    "content_type": 34,
    "label": "Django settings in 4 parts",
    "action": "wagtail.edit",
    "data": {},
    "timestamp": "2025-01-30T02:27:19.290Z",
    "uuid": "d0fbae93-8cfa-428f-b813-f376bac9f78c",
    "user": 2,
    "revision": 50,
    "content_changed": true,
    "deleted": false,
    "page": 9
  }
},
{
  "model": "wagtailcore.pagelogentry",
  "pk": 82,
  "fields": {
    "content_type": 34,
    "label": "Django settings in 4 parts",
    "action": "wagtail.publish",
    "data": {},
    "timestamp": "2025-01-30T02:27:19.678Z",
    "uuid": "d0fbae93-8cfa-428f-b813-f376bac9f78c",
    "user": 2,
    "revision": 50,
    "content_changed": true,
    "deleted": false,
    "page": 9
  }
},
{
  "model": "wagtailcore.pagelogentry",
  "pk": 83,
  "fields": {
    "content_type": 34,
    "label": "Django settings in 4 parts",
    "action": "wagtail.edit",
    "data": {},
    "timestamp": "2025-01-30T02:28:11.857Z",
    "uuid": "87cc680f-a752-44d6-b352-c973c32d612b",
    "user": 2,
    "revision": 51,
    "content_changed": true,
    "deleted": false,
    "page": 9
  }
},
{
  "model": "wagtailcore.pagelogentry",
  "pk": 84,
  "fields": {
    "content_type": 34,
    "label": "Django settings in 4 parts",
    "action": "wagtail.publish",
    "data": {},
    "timestamp": "2025-01-30T02:28:12.116Z",
    "uuid": "87cc680f-a752-44d6-b352-c973c32d612b",
    "user": 2,
    "revision": 51,
    "content_changed": true,
    "deleted": false,
    "page": 9
  }
},
{
  "model": "wagtailcore.pagelogentry",
  "pk": 85,
  "fields": {
    "content_type": 34,
    "label": "Django settings in 4 parts",
    "action": "wagtail.edit",
    "data": {},
    "timestamp": "2025-01-30T02:32:22.034Z",
    "uuid": "850fd966-6408-4b9a-b13c-0f6b7ae3d000",
    "user": 2,
    "revision": 52,
    "content_changed": true,
    "deleted": false,
    "page": 9
  }
},
{
  "model": "wagtailcore.pagelogentry",
  "pk": 86,
  "fields": {
    "content_type": 34,
    "label": "Django settings in 4 parts",
    "action": "wagtail.publish",
    "data": {},
    "timestamp": "2025-01-30T02:32:22.272Z",
    "uuid": "850fd966-6408-4b9a-b13c-0f6b7ae3d000",
    "user": 2,
    "revision": 52,
    "content_changed": true,
    "deleted": false,
    "page": 9
  }
},
{
  "model": "wagtailcore.pagelogentry",
  "pk": 87,
  "fields": {
    "content_type": 34,
    "label": "Django settings in 4 parts",
    "action": "wagtail.edit",
    "data": {},
    "timestamp": "2025-01-30T02:35:43.710Z",
    "uuid": "8d9868e0-594b-4ab3-b338-dfe0c41b4fbb",
    "user": 2,
    "revision": 53,
    "content_changed": true,
    "deleted": false,
    "page": 9
  }
},
{
  "model": "wagtailcore.pagelogentry",
  "pk": 88,
  "fields": {
    "content_type": 34,
    "label": "Django settings in 4 parts",
    "action": "wagtail.publish",
    "data": {},
    "timestamp": "2025-01-30T02:35:44.031Z",
    "uuid": "8d9868e0-594b-4ab3-b338-dfe0c41b4fbb",
    "user": 2,
    "revision": 53,
    "content_changed": true,
    "deleted": false,
    "page": 9
  }
},
{
  "model": "wagtailcore.pagelogentry",
  "pk": 89,
  "fields": {
    "content_type": 34,
    "label": "Django settings in 4 parts",
    "action": "wagtail.edit",
    "data": {},
    "timestamp": "2025-01-30T02:38:24.134Z",
    "uuid": "74b455a0-9e18-461c-9858-83b98722e6b5",
    "user": 2,
    "revision": 54,
    "content_changed": true,
    "deleted": false,
    "page": 9
  }
},
{
  "model": "wagtailcore.pagelogentry",
  "pk": 90,
  "fields": {
    "content_type": 34,
    "label": "Django settings in 4 parts",
    "action": "wagtail.publish",
    "data": {},
    "timestamp": "2025-01-30T02:38:24.331Z",
    "uuid": "74b455a0-9e18-461c-9858-83b98722e6b5",
    "user": 2,
    "revision": 54,
    "content_changed": true,
    "deleted": false,
    "page": 9
  }
},
{
  "model": "wagtailcore.pagelogentry",
  "pk": 91,
  "fields": {
    "content_type": 34,
    "label": "Django settings in 4 parts",
    "action": "wagtail.edit",
    "data": {},
    "timestamp": "2025-01-30T04:28:33.879Z",
    "uuid": "333b1718-f60c-4017-9f84-53fe1194dd78",
    "user": 2,
    "revision": 55,
    "content_changed": true,
    "deleted": false,
    "page": 9
  }
},
{
  "model": "wagtailcore.pagelogentry",
  "pk": 92,
  "fields": {
    "content_type": 34,
    "label": "Django settings in 4 parts",
    "action": "wagtail.publish",
    "data": {},
    "timestamp": "2025-01-30T04:28:34.251Z",
    "uuid": "333b1718-f60c-4017-9f84-53fe1194dd78",
    "user": 2,
    "revision": 55,
    "content_changed": true,
    "deleted": false,
    "page": 9
  }
},
{
  "model": "wagtailcore.pagelogentry",
  "pk": 93,
  "fields": {
    "content_type": 34,
    "label": "Django settings in 4 parts",
    "action": "wagtail.edit",
    "data": {},
    "timestamp": "2025-01-30T08:08:43.955Z",
    "uuid": "b4d9b9d3-2a1e-4a16-a07d-c86cce2e5cd5",
    "user": 2,
    "revision": 56,
    "content_changed": true,
    "deleted": false,
    "page": 9
  }
},
{
  "model": "wagtailcore.pagelogentry",
  "pk": 94,
  "fields": {
    "content_type": 34,
    "label": "Django settings in 4 parts",
    "action": "wagtail.publish",
    "data": {},
    "timestamp": "2025-01-30T08:08:44.326Z",
    "uuid": "b4d9b9d3-2a1e-4a16-a07d-c86cce2e5cd5",
    "user": 2,
    "revision": 56,
    "content_changed": true,
    "deleted": false,
    "page": 9
  }
},
{
  "model": "wagtailcore.pagelogentry",
  "pk": 95,
  "fields": {
    "content_type": 34,
    "label": "Django settings in 4 parts",
    "action": "wagtail.edit",
    "data": {},
    "timestamp": "2025-01-30T08:09:30.867Z",
    "uuid": "36917d75-77fc-4181-b9d5-c3b5180b7027",
    "user": 2,
    "revision": 57,
    "content_changed": true,
    "deleted": false,
    "page": 9
  }
},
{
  "model": "wagtailcore.pagelogentry",
  "pk": 96,
  "fields": {
    "content_type": 34,
    "label": "Django settings in 4 parts",
    "action": "wagtail.publish",
    "data": {},
    "timestamp": "2025-01-30T08:09:31.233Z",
    "uuid": "36917d75-77fc-4181-b9d5-c3b5180b7027",
    "user": 2,
    "revision": 57,
    "content_changed": true,
    "deleted": false,
    "page": 9
  }
},
{
  "model": "wagtailcore.pagelogentry",
  "pk": 97,
  "fields": {
    "content_type": 34,
    "label": "Django settings in 4 parts",
    "action": "wagtail.edit",
    "data": {},
    "timestamp": "2025-01-30T08:14:59.530Z",
    "uuid": "1375fe86-9c08-42e1-9dd3-1d89e8a04a7b",
    "user": 2,
    "revision": 58,
    "content_changed": true,
    "deleted": false,
    "page": 9
  }
},
{
  "model": "wagtailcore.pagelogentry",
  "pk": 98,
  "fields": {
    "content_type": 34,
    "label": "Django settings in 4 parts",
    "action": "wagtail.publish",
    "data": {},
    "timestamp": "2025-01-30T08:14:59.678Z",
    "uuid": "1375fe86-9c08-42e1-9dd3-1d89e8a04a7b",
    "user": 2,
    "revision": 58,
    "content_changed": true,
    "deleted": false,
    "page": 9
  }
},
{
  "model": "wagtailcore.pagelogentry",
  "pk": 99,
  "fields": {
    "content_type": 34,
    "label": "Django settings in 4 parts",
    "action": "wagtail.edit",
    "data": {},
    "timestamp": "2025-01-30T08:15:54.375Z",
    "uuid": "727baf3c-df26-47cb-93e8-413bcd08342b",
    "user": 2,
    "revision": 59,
    "content_changed": true,
    "deleted": false,
    "page": 9
  }
},
{
  "model": "wagtailcore.pagelogentry",
  "pk": 100,
  "fields": {
    "content_type": 34,
    "label": "Django settings in 4 parts",
    "action": "wagtail.publish",
    "data": {},
    "timestamp": "2025-01-30T08:15:54.569Z",
    "uuid": "727baf3c-df26-47cb-93e8-413bcd08342b",
    "user": 2,
    "revision": 59,
    "content_changed": true,
    "deleted": false,
    "page": 9
  }
},
{
  "model": "wagtailcore.pagelogentry",
  "pk": 101,
  "fields": {
    "content_type": 34,
    "label": "pre-commit, Python types & virtual envs",
    "action": "wagtail.edit",
    "data": {},
    "timestamp": "2025-01-31T02:47:04.198Z",
    "uuid": "a2be5366-09ed-4a49-99c6-c414465a0621",
    "user": 2,
    "revision": 60,
    "content_changed": true,
    "deleted": false,
    "page": 7
  }
},
{
  "model": "wagtailcore.pagelogentry",
  "pk": 102,
  "fields": {
    "content_type": 34,
    "label": "pre-commit, Python types & virtual envs",
    "action": "wagtail.edit",
    "data": {},
    "timestamp": "2025-01-31T02:53:18.960Z",
    "uuid": "fbb4a218-027f-4e83-bbcc-3d72d83217f7",
    "user": 2,
    "revision": 61,
    "content_changed": true,
    "deleted": false,
    "page": 7
  }
},
{
  "model": "wagtailcore.pagelogentry",
  "pk": 103,
  "fields": {
    "content_type": 34,
    "label": "pre-commit, Python types & virtual envs",
    "action": "wagtail.edit",
    "data": {},
    "timestamp": "2025-01-31T03:13:24.384Z",
    "uuid": "b56a78ae-5b37-4a1f-b236-3f108872066f",
    "user": 2,
    "revision": 62,
    "content_changed": true,
    "deleted": false,
    "page": 7
  }
},
{
  "model": "wagtailcore.pagelogentry",
  "pk": 104,
  "fields": {
    "content_type": 34,
    "label": "pre-commit, Python types & virtual envs",
    "action": "wagtail.publish",
    "data": {},
    "timestamp": "2025-01-31T03:13:24.806Z",
    "uuid": "b56a78ae-5b37-4a1f-b236-3f108872066f",
    "user": 2,
    "revision": 62,
    "content_changed": true,
    "deleted": false,
    "page": 7
  }
},
{
  "model": "wagtailcore.pagelogentry",
  "pk": 105,
  "fields": {
    "content_type": 34,
    "label": "pre-commit, Python types & virtual envs",
    "action": "wagtail.edit",
    "data": {},
    "timestamp": "2025-01-31T03:17:40.199Z",
    "uuid": "d58b6511-8c4d-4cea-9a71-8173ecec180c",
    "user": 2,
    "revision": 63,
    "content_changed": true,
    "deleted": false,
    "page": 7
  }
},
{
  "model": "wagtailcore.pagelogentry",
  "pk": 106,
  "fields": {
    "content_type": 34,
    "label": "pre-commit, Python types & virtual envs",
    "action": "wagtail.publish",
    "data": {},
    "timestamp": "2025-01-31T03:17:43.368Z",
    "uuid": "d58b6511-8c4d-4cea-9a71-8173ecec180c",
    "user": 2,
    "revision": 63,
    "content_changed": true,
    "deleted": false,
    "page": 7
  }
},
{
  "model": "wagtailcore.pagelogentry",
  "pk": 107,
  "fields": {
    "content_type": 34,
    "label": "pre-commit, Python types & virtual envs",
    "action": "wagtail.edit",
    "data": {},
    "timestamp": "2025-01-31T03:18:57.709Z",
    "uuid": "cefc2b8d-4350-4194-bb56-3e73ec2516ba",
    "user": 2,
    "revision": 64,
    "content_changed": true,
    "deleted": false,
    "page": 7
  }
},
{
  "model": "wagtailcore.pagelogentry",
  "pk": 108,
  "fields": {
    "content_type": 34,
    "label": "pre-commit, Python typing & virtual envs",
    "action": "wagtail.rename",
    "data": {
      "title": {
        "new": "pre-commit, Python typing & virtual envs",
        "old": "pre-commit, Python types & virtual envs"
      }
    },
    "timestamp": "2025-01-31T03:18:57.896Z",
    "uuid": "cefc2b8d-4350-4194-bb56-3e73ec2516ba",
    "user": 2,
    "revision": 64,
    "content_changed": false,
    "deleted": false,
    "page": 7
  }
},
{
  "model": "wagtailcore.pagelogentry",
  "pk": 109,
  "fields": {
    "content_type": 34,
    "label": "pre-commit, Python typing & virtual envs",
    "action": "wagtail.publish",
    "data": {
      "title": {
        "new": "pre-commit, Python typing & virtual envs",
        "old": "pre-commit, Python types & virtual envs"
      }
    },
    "timestamp": "2025-01-31T03:18:57.909Z",
    "uuid": "cefc2b8d-4350-4194-bb56-3e73ec2516ba",
    "user": 2,
    "revision": 64,
    "content_changed": true,
    "deleted": false,
    "page": 7
  }
},
{
  "model": "wagtailcore.pagelogentry",
  "pk": 110,
  "fields": {
    "content_type": 34,
    "label": "Django settings in 4 parts",
    "action": "wagtail.edit",
    "data": {},
    "timestamp": "2025-01-31T03:20:30.266Z",
    "uuid": "fa32caa1-512b-40b2-911d-219f706155e3",
    "user": 2,
    "revision": 65,
    "content_changed": true,
    "deleted": false,
    "page": 9
  }
},
{
  "model": "wagtailcore.pagelogentry",
  "pk": 111,
  "fields": {
    "content_type": 34,
    "label": "Django settings in 4 parts",
    "action": "wagtail.publish",
    "data": {},
    "timestamp": "2025-01-31T03:20:30.481Z",
    "uuid": "fa32caa1-512b-40b2-911d-219f706155e3",
    "user": 2,
    "revision": 65,
    "content_changed": true,
    "deleted": false,
    "page": 9
  }
},
{
  "model": "wagtailcore.pagelogentry",
  "pk": 112,
  "fields": {
    "content_type": 34,
    "label": "pre-commit, Python typing & virtual envs",
    "action": "wagtail.edit",
    "data": {},
    "timestamp": "2025-01-31T03:21:49.992Z",
    "uuid": "e868c6d4-cb6f-465d-aa9f-f552283e01e6",
    "user": 2,
    "revision": 66,
    "content_changed": true,
    "deleted": false,
    "page": 7
  }
},
{
  "model": "wagtailcore.pagelogentry",
  "pk": 113,
  "fields": {
    "content_type": 34,
    "label": "pre-commit, Python typing & virtual envs",
    "action": "wagtail.publish",
    "data": {},
    "timestamp": "2025-01-31T03:21:50.223Z",
    "uuid": "e868c6d4-cb6f-465d-aa9f-f552283e01e6",
    "user": 2,
    "revision": 66,
    "content_changed": true,
    "deleted": false,
    "page": 7
  }
},
{
  "model": "wagtailcore.pagelogentry",
  "pk": 114,
  "fields": {
    "content_type": 34,
    "label": "Deploying Django all at once",
    "action": "wagtail.edit",
    "data": {},
    "timestamp": "2025-02-03T04:23:00.287Z",
    "uuid": "3f84b868-8960-4c95-a138-3880df42256f",
    "user": 2,
    "revision": 67,
    "content_changed": true,
    "deleted": false,
    "page": 8
  }
},
{
  "model": "wagtailcore.pagelogentry",
  "pk": 115,
  "fields": {
    "content_type": 34,
    "label": "Deploying Django all at once",
    "action": "wagtail.edit",
    "data": {},
    "timestamp": "2025-02-03T04:55:42.482Z",
    "uuid": "7325efd4-75c1-4c9d-af5b-d591e1f79faa",
    "user": 2,
    "revision": 68,
    "content_changed": true,
    "deleted": false,
    "page": 8
  }
},
{
  "model": "wagtailcore.pagelogentry",
  "pk": 116,
  "fields": {
    "content_type": 34,
    "label": "XXX Deploying Django all at once",
    "action": "wagtail.edit",
    "data": {},
    "timestamp": "2025-02-05T01:19:23.363Z",
    "uuid": "01fa3227-3c9b-4379-85be-8c47d169e50e",
    "user": 2,
    "revision": 69,
    "content_changed": true,
    "deleted": false,
    "page": 8
  }
},
{
  "model": "wagtailcore.pagelogentry",
  "pk": 117,
  "fields": {
    "content_type": 52,
    "label": "Deploying Django all at once",
    "action": "wagtail.create",
    "data": {},
    "timestamp": "2025-02-05T01:20:07.628Z",
    "uuid": "2077550d-3066-4850-a1fe-88f9a6e25164",
    "user": 2,
    "revision": null,
    "content_changed": true,
    "deleted": false,
    "page": 10
  }
},
{
  "model": "wagtailcore.pagelogentry",
  "pk": 118,
  "fields": {
    "content_type": 52,
    "label": "Deploying Django all at once",
    "action": "wagtail.edit",
    "data": {},
    "timestamp": "2025-02-05T01:20:07.767Z",
    "uuid": "2077550d-3066-4850-a1fe-88f9a6e25164",
    "user": 2,
    "revision": 70,
    "content_changed": true,
    "deleted": false,
    "page": 10
  }
},
{
  "model": "wagtailcore.pagelogentry",
  "pk": 119,
  "fields": {
    "content_type": 52,
    "label": "Deploying Django all at once",
    "action": "wagtail.publish",
    "data": {},
    "timestamp": "2025-02-05T01:20:07.996Z",
    "uuid": "2077550d-3066-4850-a1fe-88f9a6e25164",
    "user": 2,
    "revision": 70,
    "content_changed": true,
    "deleted": false,
    "page": 10
  }
},
{
  "model": "wagtailcore.pagelogentry",
  "pk": 120,
  "fields": {
    "content_type": 34,
    "label": "OpenTofu to DigitalOcean",
    "action": "wagtail.create",
    "data": {},
    "timestamp": "2025-02-05T01:22:33.272Z",
    "uuid": "e174e74e-e7ea-4268-b0e1-4b748ffede21",
    "user": 2,
    "revision": null,
    "content_changed": true,
    "deleted": false,
    "page": 11
  }
},
{
  "model": "wagtailcore.pagelogentry",
  "pk": 121,
  "fields": {
    "content_type": 34,
    "label": "OpenTofu to DigitalOcean",
    "action": "wagtail.edit",
    "data": {},
    "timestamp": "2025-02-05T01:22:33.390Z",
    "uuid": "e174e74e-e7ea-4268-b0e1-4b748ffede21",
    "user": 2,
    "revision": 71,
    "content_changed": true,
    "deleted": false,
    "page": 11
  }
},
{
  "model": "wagtailcore.pagelogentry",
  "pk": 122,
  "fields": {
    "content_type": 34,
    "label": "OpenTofu to DigitalOcean",
    "action": "wagtail.edit",
    "data": {},
    "timestamp": "2025-02-05T01:22:55.184Z",
    "uuid": "9c4bdd68-1af3-4cb8-a7b5-6ee761357e6e",
    "user": 2,
    "revision": 72,
    "content_changed": true,
    "deleted": false,
    "page": 11
  }
},
{
  "model": "wagtailcore.pagelogentry",
  "pk": 123,
  "fields": {
    "content_type": 34,
    "label": "The big cloud-init post",
    "action": "wagtail.create",
    "data": {},
    "timestamp": "2025-02-05T22:16:47.858Z",
    "uuid": "e609ac28-f932-4210-98dc-7168e1ae7116",
    "user": 2,
    "revision": null,
    "content_changed": true,
    "deleted": false,
    "page": 12
  }
},
{
  "model": "wagtailcore.pagelogentry",
  "pk": 124,
  "fields": {
    "content_type": 34,
    "label": "The big cloud-init post",
    "action": "wagtail.edit",
    "data": {},
    "timestamp": "2025-02-05T22:16:48.036Z",
    "uuid": "e609ac28-f932-4210-98dc-7168e1ae7116",
    "user": 2,
    "revision": 73,
    "content_changed": true,
    "deleted": false,
    "page": 12
  }
},
{
  "model": "wagtailcore.pagelogentry",
  "pk": 125,
  "fields": {
    "content_type": 34,
    "label": "OpenTofu to DigitalOcean",
    "action": "wagtail.edit",
    "data": {},
    "timestamp": "2025-02-10T00:06:29.764Z",
    "uuid": "624e6a18-3ed6-4dc7-b04f-bfd31bb18662",
    "user": 2,
    "revision": 74,
    "content_changed": true,
    "deleted": false,
    "page": 11
  }
},
{
  "model": "wagtailcore.pagelogentry",
  "pk": 126,
  "fields": {
    "content_type": 34,
    "label": "OpenTofu to DigitalOcean",
    "action": "wagtail.publish",
    "data": {},
    "timestamp": "2025-02-10T00:06:29.961Z",
    "uuid": "624e6a18-3ed6-4dc7-b04f-bfd31bb18662",
    "user": 2,
    "revision": 74,
    "content_changed": false,
    "deleted": false,
    "page": 11
  }
},
{
  "model": "wagtailcore.pagelogentry",
  "pk": 127,
  "fields": {
    "content_type": 52,
    "label": "Deploying Django all at once",
    "action": "wagtail.edit",
    "data": {},
    "timestamp": "2025-02-11T23:50:20.153Z",
    "uuid": "9f21f98d-1032-4d43-b67f-97e5f1e4b5a3",
    "user": 2,
    "revision": 75,
    "content_changed": true,
    "deleted": false,
    "page": 10
  }
},
{
  "model": "wagtailcore.pagelogentry",
  "pk": 128,
  "fields": {
    "content_type": 52,
    "label": "Deploying Django all at once",
    "action": "wagtail.edit",
    "data": {},
    "timestamp": "2025-02-11T23:50:39.979Z",
    "uuid": "9d856288-10ee-4f31-a5fc-fad2aacebaf7",
    "user": 2,
    "revision": 76,
    "content_changed": true,
    "deleted": false,
    "page": 10
  }
},
{
  "model": "wagtailcore.pagelogentry",
  "pk": 129,
  "fields": {
    "content_type": 52,
    "label": "Deploying Django all at once",
    "action": "wagtail.publish",
    "data": {},
    "timestamp": "2025-02-11T23:50:40.079Z",
    "uuid": "9d856288-10ee-4f31-a5fc-fad2aacebaf7",
    "user": 2,
    "revision": 76,
    "content_changed": false,
    "deleted": false,
    "page": 10
  }
},
{
  "model": "wagtailcore.pagelogentry",
  "pk": 130,
  "fields": {
    "content_type": 34,
    "label": "The big cloud-init post",
    "action": "wagtail.edit",
    "data": {},
    "timestamp": "2025-02-15T03:51:12.576Z",
    "uuid": "afc590bc-2cd5-4eb6-9326-049ebce83d89",
    "user": 2,
    "revision": 77,
    "content_changed": true,
    "deleted": false,
    "page": 12
  }
},
{
  "model": "wagtailcore.pagelogentry",
  "pk": 131,
  "fields": {
    "content_type": 34,
    "label": "The big cloud-init post",
    "action": "wagtail.publish",
    "data": {},
    "timestamp": "2025-02-15T03:51:12.787Z",
    "uuid": "afc590bc-2cd5-4eb6-9326-049ebce83d89",
    "user": 2,
    "revision": 77,
    "content_changed": true,
    "deleted": false,
    "page": 12
  }
},
{
  "model": "wagtailcore.pagelogentry",
  "pk": 132,
  "fields": {
    "content_type": 34,
    "label": "XXX Deploying Django all at once",
    "action": "wagtail.delete",
    "data": {},
    "timestamp": "2025-02-15T05:08:17.208Z",
    "uuid": "959c5d6e-a8df-4165-aba9-b6880d8c340c",
    "user": 2,
    "revision": null,
    "content_changed": false,
    "deleted": true,
    "page": 8
  }
},
{
  "model": "wagtailcore.pagesubscription",
  "pk": 1,
  "fields": {
    "user": 2,
    "page": 3,
    "comment_notifications": true
  }
},
{
  "model": "wagtailcore.pagesubscription",
  "pk": 2,
  "fields": {
    "user": 2,
    "page": 4,
    "comment_notifications": true
  }
},
{
  "model": "wagtailcore.pagesubscription",
  "pk": 3,
  "fields": {
    "user": 2,
    "page": 5,
    "comment_notifications": true
  }
},
{
  "model": "wagtailcore.pagesubscription",
  "pk": 4,
  "fields": {
    "user": 2,
    "page": 6,
    "comment_notifications": true
  }
},
{
  "model": "wagtailcore.pagesubscription",
  "pk": 5,
  "fields": {
    "user": 2,
    "page": 7,
    "comment_notifications": true
  }
},
{
  "model": "wagtailcore.pagesubscription",
  "pk": 7,
  "fields": {
    "user": 2,
    "page": 9,
    "comment_notifications": true
  }
},
{
  "model": "wagtailcore.pagesubscription",
  "pk": 8,
  "fields": {
    "user": 2,
    "page": 10,
    "comment_notifications": true
  }
},
{
  "model": "wagtailcore.pagesubscription",
  "pk": 9,
  "fields": {
    "user": 2,
    "page": 11,
    "comment_notifications": true
  }
},
{
  "model": "wagtailcore.pagesubscription",
  "pk": 10,
  "fields": {
    "user": 2,
    "page": 12,
    "comment_notifications": true
  }
},
{
  "model": "taggit.tag",
  "pk": 1,
  "fields": {
    "name": "social photo",
    "slug": "social-photo"
  }
},
{
  "model": "taggit.taggeditem",
  "pk": 1,
  "fields": {
    "tag": 1,
    "content_type": 2,
    "object_id": 1
  }
},
{
  "model": "contenttypes.contenttype",
  "pk": 1,
  "fields": {
    "app_label": "wagtailcore",
    "model": "page"
  }
},
{
  "model": "contenttypes.contenttype",
  "pk": 2,
  "fields": {
    "app_label": "wagtailimages",
    "model": "image"
  }
},
{
  "model": "contenttypes.contenttype",
  "pk": 3,
  "fields": {
    "app_label": "wagtailcore",
    "model": "groupapprovaltask"
  }
},
{
  "model": "contenttypes.contenttype",
  "pk": 4,
  "fields": {
    "app_label": "wagtailcore",
    "model": "locale"
  }
},
{
  "model": "contenttypes.contenttype",
  "pk": 5,
  "fields": {
    "app_label": "wagtailcore",
    "model": "site"
  }
},
{
  "model": "contenttypes.contenttype",
  "pk": 6,
  "fields": {
    "app_label": "wagtailcore",
    "model": "modellogentry"
  }
},
{
  "model": "contenttypes.contenttype",
  "pk": 7,
  "fields": {
    "app_label": "wagtailcore",
    "model": "collectionviewrestriction"
  }
},
{
  "model": "contenttypes.contenttype",
  "pk": 8,
  "fields": {
    "app_label": "wagtailcore",
    "model": "collection"
  }
},
{
  "model": "contenttypes.contenttype",
  "pk": 9,
  "fields": {
    "app_label": "wagtailcore",
    "model": "groupcollectionpermission"
  }
},
{
  "model": "contenttypes.contenttype",
  "pk": 10,
  "fields": {
    "app_label": "wagtailcore",
    "model": "uploadedfile"
  }
},
{
  "model": "contenttypes.contenttype",
  "pk": 11,
  "fields": {
    "app_label": "wagtailcore",
    "model": "referenceindex"
  }
},
{
  "model": "contenttypes.contenttype",
  "pk": 12,
  "fields": {
    "app_label": "wagtailcore",
    "model": "revision"
  }
},
{
  "model": "contenttypes.contenttype",
  "pk": 13,
  "fields": {
    "app_label": "wagtailcore",
    "model": "grouppagepermission"
  }
},
{
  "model": "contenttypes.contenttype",
  "pk": 14,
  "fields": {
    "app_label": "wagtailcore",
    "model": "pageviewrestriction"
  }
},
{
  "model": "contenttypes.contenttype",
  "pk": 15,
  "fields": {
    "app_label": "wagtailcore",
    "model": "workflowpage"
  }
},
{
  "model": "contenttypes.contenttype",
  "pk": 16,
  "fields": {
    "app_label": "wagtailcore",
    "model": "workflowcontenttype"
  }
},
{
  "model": "contenttypes.contenttype",
  "pk": 17,
  "fields": {
    "app_label": "wagtailcore",
    "model": "workflowtask"
  }
},
{
  "model": "contenttypes.contenttype",
  "pk": 18,
  "fields": {
    "app_label": "wagtailcore",
    "model": "task"
  }
},
{
  "model": "contenttypes.contenttype",
  "pk": 19,
  "fields": {
    "app_label": "wagtailcore",
    "model": "workflow"
  }
},
{
  "model": "contenttypes.contenttype",
  "pk": 20,
  "fields": {
    "app_label": "wagtailcore",
    "model": "workflowstate"
  }
},
{
  "model": "contenttypes.contenttype",
  "pk": 21,
  "fields": {
    "app_label": "wagtailcore",
    "model": "taskstate"
  }
},
{
  "model": "contenttypes.contenttype",
  "pk": 22,
  "fields": {
    "app_label": "wagtailcore",
    "model": "pagelogentry"
  }
},
{
  "model": "contenttypes.contenttype",
  "pk": 23,
  "fields": {
    "app_label": "wagtailcore",
    "model": "comment"
  }
},
{
  "model": "contenttypes.contenttype",
  "pk": 24,
  "fields": {
    "app_label": "wagtailcore",
    "model": "commentreply"
  }
},
{
  "model": "contenttypes.contenttype",
  "pk": 25,
  "fields": {
    "app_label": "wagtailcore",
    "model": "pagesubscription"
  }
},
{
  "model": "contenttypes.contenttype",
  "pk": 26,
  "fields": {
    "app_label": "wagtailadmin",
    "model": "admin"
  }
},
{
  "model": "contenttypes.contenttype",
  "pk": 27,
  "fields": {
    "app_label": "wagtaildocs",
    "model": "document"
  }
},
{
  "model": "contenttypes.contenttype",
  "pk": 28,
  "fields": {
    "app_label": "picata",
    "model": "articletype"
  }
},
{
  "model": "contenttypes.contenttype",
  "pk": 29,
  "fields": {
    "app_label": "picata",
    "model": "basicpage"
  }
},
{
  "model": "contenttypes.contenttype",
  "pk": 30,
  "fields": {
    "app_label": "picata",
    "model": "homepage"
  }
},
{
  "model": "contenttypes.contenttype",
  "pk": 31,
  "fields": {
    "app_label": "picata",
    "model": "pagetag"
  }
},
{
  "model": "contenttypes.contenttype",
  "pk": 32,
  "fields": {
    "app_label": "picata",
    "model": "postgrouppage"
  }
},
{
  "model": "contenttypes.contenttype",
  "pk": 33,
  "fields": {
    "app_label": "picata",
    "model": "splitviewpage"
  }
},
{
  "model": "contenttypes.contenttype",
  "pk": 34,
  "fields": {
    "app_label": "picata",
    "model": "article"
  }
},
{
  "model": "contenttypes.contenttype",
  "pk": 35,
  "fields": {
    "app_label": "picata",
    "model": "pagetagrelation"
  }
},
{
  "model": "contenttypes.contenttype",
  "pk": 36,
  "fields": {
    "app_label": "picata",
    "model": "socialsettings"
  }
},
{
  "model": "contenttypes.contenttype",
  "pk": 37,
  "fields": {
    "app_label": "wagtailforms",
    "model": "formsubmission"
  }
},
{
  "model": "contenttypes.contenttype",
  "pk": 38,
  "fields": {
    "app_label": "wagtailredirects",
    "model": "redirect"
  }
},
{
  "model": "contenttypes.contenttype",
  "pk": 39,
  "fields": {
    "app_label": "wagtailembeds",
    "model": "embed"
  }
},
{
  "model": "contenttypes.contenttype",
  "pk": 40,
  "fields": {
    "app_label": "wagtailusers",
    "model": "userprofile"
  }
},
{
  "model": "contenttypes.contenttype",
  "pk": 41,
  "fields": {
    "app_label": "wagtailimages",
    "model": "rendition"
  }
},
{
  "model": "contenttypes.contenttype",
  "pk": 42,
  "fields": {
    "app_label": "wagtailsearch",
    "model": "indexentry"
  }
},
{
  "model": "contenttypes.contenttype",
  "pk": 43,
  "fields": {
    "app_label": "wagtailadmin",
    "model": "editingsession"
  }
},
{
  "model": "contenttypes.contenttype",
  "pk": 44,
  "fields": {
    "app_label": "taggit",
    "model": "tag"
  }
},
{
  "model": "contenttypes.contenttype",
  "pk": 45,
  "fields": {
    "app_label": "taggit",
    "model": "taggeditem"
  }
},
{
  "model": "contenttypes.contenttype",
  "pk": 46,
  "fields": {
    "app_label": "admin",
    "model": "logentry"
  }
},
{
  "model": "contenttypes.contenttype",
  "pk": 47,
  "fields": {
    "app_label": "auth",
    "model": "permission"
  }
},
{
  "model": "contenttypes.contenttype",
  "pk": 48,
  "fields": {
    "app_label": "auth",
    "model": "group"
  }
},
{
  "model": "contenttypes.contenttype",
  "pk": 49,
  "fields": {
    "app_label": "auth",
    "model": "user"
  }
},
{
  "model": "contenttypes.contenttype",
  "pk": 50,
  "fields": {
    "app_label": "contenttypes",
    "model": "contenttype"
  }
},
{
  "model": "contenttypes.contenttype",
  "pk": 51,
  "fields": {
    "app_label": "sessions",
    "model": "session"
  }
},
{
  "model": "contenttypes.contenttype",
  "pk": 52,
  "fields": {
    "app_label": "picata",
    "model": "postseries"
  }
}
]
