[
{
  "model": "picata.postgrouppage",
  "pk": 4,
  "fields": {
    "intro": "<h1 data-block-key=\"5neok\">Things I've Posted</h1><p data-block-key=\"c6dtn\"></p>"
  }
},
{
  "model": "picata.socialsettings",
  "pk": 1,
  "fields": {
    "site": 1,
    "default_social_image": 1
  }
},
{
  "model": "picata.homepage",
  "pk": 3,
  "fields": {
    "top_content": "[{\"id\": \"2feced3d-03b3-4be0-8041-03372f10a51f\", \"type\": \"rich_text\", \"value\": \"<h1 data-block-key=\\\"a8bgp\\\">About me</h1><p data-block-key=\\\"b365o\\\">Welcome! I'm a software developer from Perth, Western Australia, who's mostly worked with full web stacks, but generally love most things Python, and many things DevOps.</p><p data-block-key=\\\"80r3k\\\">This is my blog / personal website / little hand-rolled place on the internet where I can rant.</p>\"}, {\"id\": \"105f9b46-27dd-4ebb-9032-42b5e892fab4\", \"type\": \"icon_link_lists\", \"value\": {\"lists\": [{\"id\": \"3f0a5bc8-d317-4782-b7e1-ae3e35a603ed\", \"type\": \"link_list\", \"value\": {\"items\": [{\"id\": \"5512d3ad-82c2-461c-8a24-ae4b433b7648\", \"type\": \"item\", \"value\": {\"href\": \"https://mastodon.social/@hipikat\", \"icon\": \"mastodon\", \"label\": \"Mastodon\"}}, {\"id\": \"d2be4414-f648-413e-a38f-07198f143902\", \"type\": \"item\", \"value\": {\"href\": \"https://bsky.app/profile/hipikat.bsky.social\", \"icon\": \"bluesky\", \"label\": \"Bluesky\"}}, {\"id\": \"2db41738-71ea-4a78-a706-35582f5a6534\", \"type\": \"item\", \"value\": {\"href\": \"https://github.com/hipikat\", \"icon\": \"github\", \"label\": \"GitHub\"}}, {\"id\": \"ad8fa80c-a966-4416-8f24-32718011f2ec\", \"type\": \"item\", \"value\": {\"href\": \"http://linkedin.com/in/hipikat/\", \"icon\": \"linkedin\", \"label\": \"LinkedIn\"}}, {\"id\": \"8cd4e344-da9b-45ba-b47c-6c38a36fde59\", \"type\": \"item\", \"value\": {\"href\": \"https://www.facebook.com/hipikat\", \"icon\": \"facebook\", \"label\": \"Facebook\"}}, {\"id\": \"c5d99617-7866-4a97-b0a9-7f386219b540\", \"type\": \"item\", \"value\": {\"href\": \"https://stackoverflow.com/users/218397/hipikat\", \"icon\": \"stackoverflow\", \"label\": \"StackOverflow\"}}, {\"id\": \"a39f3f50-3c70-48db-89ea-0f9d47f5a23e\", \"type\": \"item\", \"value\": {\"href\": \"https://www.threads.net/@hipikat\", \"icon\": \"threads\", \"label\": \"Threads\"}}, {\"id\": \"34bf78f0-e961-42c7-b09d-cbfbd5430b57\", \"type\": \"item\", \"value\": {\"href\": \"https://www.instagram.com/hipikat/\", \"icon\": \"instagram\", \"label\": \"Instagram\"}}, {\"id\": \"3aedf5e1-3655-4326-aee4-ae5fa5d3be9c\", \"type\": \"item\", \"value\": {\"href\": \"https://www.youtube.com/@adawright2895\", \"icon\": \"youtube\", \"label\": \"YouTube\"}}, {\"id\": \"85b28960-e836-48d2-ae3d-847e80b08603\", \"type\": \"item\", \"value\": {\"href\": \"https://www.twitch.tv/chipikat\", \"icon\": \"twitch\", \"label\": \"Twitch\"}}, {\"id\": \"5544cb23-207e-495c-a657-5c63ab119559\", \"type\": \"item\", \"value\": {\"href\": \"https://x.com/pypikat\", \"icon\": \"twitter\", \"label\": \"\\\"X\\\" (2007-2022)\"}}], \"heading\": \"Socials\", \"heading_level\": 1}}, {\"id\": \"f9a1fe15-ecd3-4e6f-ae9e-063eb9ad7afc\", \"type\": \"link_list\", \"value\": {\"items\": [{\"id\": \"5512d3ad-82c2-461c-8a24-ae4b433b7648\", \"type\": \"item\", \"value\": {\"href\": \"mailto:ada@hpk.io\", \"icon\": \"email\", \"label\": \"Email\"}}, {\"id\": \"b0a08281-a602-453f-afaa-225d52177e3d\", \"type\": \"item\", \"value\": {\"href\": \"http://t.me/hipikat\", \"icon\": \"telegram\", \"label\": \"Telegram\"}}], \"heading\": \"Contact me\", \"heading_level\": 2}}]}}]",
    "bottom_content": "[]"
  }
},
{
  "model": "wagtailusers.userprofile",
  "pk": 1,
  "fields": {
    "user": 2,
    "submitted_notifications": true,
    "approved_notifications": true,
    "rejected_notifications": true,
    "updated_comments_notifications": true,
    "preferred_language": "",
    "current_time_zone": "",
    "avatar": "",
    "dismissibles": {
      "help": true,
      "editor-guide": true,
      "whats-new-in-wagtail-6.3": true
    },
    "theme": "system",
    "contrast": "system",
    "density": "default"
  }
},
{
  "model": "wagtailimages.image",
  "pk": 1,
  "fields": {
    "collection": 1,
    "title": "Ada profile - bear onesie",
    "file": "original_images/ada-social-bear.jpg",
    "description": "Ada in a Peter Alexander bear onesie",
    "width": 1200,
    "height": 630,
    "created_at": "2025-01-24T06:20:55.819Z",
    "uploaded_by_user": 2,
    "focal_point_x": null,
    "focal_point_y": null,
    "focal_point_width": null,
    "focal_point_height": null,
    "file_size": 128453,
    "file_hash": "d789d310e6467e09215802ae4c783204029a438b"
  }
},
{
  "model": "wagtailimages.rendition",
  "pk": 1,
  "fields": {
    "filter_spec": "max-165x165",
    "file": "images/ada-social-bear.max-165x165.jpg",
    "width": 165,
    "height": 86,
    "focal_point_key": "",
    "image": 1
  }
},
{
  "model": "wagtailcore.locale",
  "pk": 1,
  "fields": {
    "language_code": "en"
  }
},
{
  "model": "wagtailcore.site",
  "pk": 1,
  "fields": {
    "hostname": "hpk.io",
    "port": 80,
    "site_name": "Ada Writes",
    "root_page": 3,
    "is_default_site": true
  }
},
{
  "model": "wagtailcore.modellogentry",
  "pk": 1,
  "fields": {
    "content_type": 49,
    "label": "ada",
    "action": "wagtail.create",
    "data": {},
    "timestamp": "2025-01-24T00:47:21.185Z",
    "uuid": "ed2a6b20-9da9-4c66-a0e1-81aef55a1959",
    "user": 1,
    "revision": null,
    "content_changed": true,
    "deleted": false,
    "object_id": "2"
  }
},
{
  "model": "wagtailcore.modellogentry",
  "pk": 2,
  "fields": {
    "content_type": 5,
    "label": "Ada Writes [default]",
    "action": "wagtail.edit",
    "data": {},
    "timestamp": "2025-01-24T00:54:22.403Z",
    "uuid": "e0455079-7854-47e1-b1ac-4ebc865b2a04",
    "user": 2,
    "revision": null,
    "content_changed": true,
    "deleted": false,
    "object_id": "1"
  }
},
{
  "model": "wagtailcore.modellogentry",
  "pk": 3,
  "fields": {
    "content_type": 36,
    "label": "social settings for Ada Writes [default]",
    "action": "wagtail.edit",
    "data": {},
    "timestamp": "2025-01-24T06:21:03.369Z",
    "uuid": "2f17484a-1f4d-4ce4-aa94-3a18edf6cda5",
    "user": 2,
    "revision": null,
    "content_changed": true,
    "deleted": false,
    "object_id": "1"
  }
},
{
  "model": "wagtailcore.collection",
  "pk": 1,
  "fields": {
    "path": "0001",
    "depth": 1,
    "numchild": 0,
    "name": "Root"
  }
},
{
  "model": "wagtailcore.groupcollectionpermission",
  "pk": 1,
  "fields": {
    "group": 1,
    "collection": 1,
    "permission": 1
  }
},
{
  "model": "wagtailcore.groupcollectionpermission",
  "pk": 2,
  "fields": {
    "group": 2,
    "collection": 1,
    "permission": 1
  }
},
{
  "model": "wagtailcore.groupcollectionpermission",
  "pk": 3,
  "fields": {
    "group": 1,
    "collection": 1,
    "permission": 2
  }
},
{
  "model": "wagtailcore.groupcollectionpermission",
  "pk": 4,
  "fields": {
    "group": 2,
    "collection": 1,
    "permission": 2
  }
},
{
  "model": "wagtailcore.groupcollectionpermission",
  "pk": 5,
  "fields": {
    "group": 1,
    "collection": 1,
    "permission": 106
  }
},
{
  "model": "wagtailcore.groupcollectionpermission",
  "pk": 6,
  "fields": {
    "group": 2,
    "collection": 1,
    "permission": 106
  }
},
{
  "model": "wagtailcore.groupcollectionpermission",
  "pk": 7,
  "fields": {
    "group": 1,
    "collection": 1,
    "permission": 107
  }
},
{
  "model": "wagtailcore.groupcollectionpermission",
  "pk": 8,
  "fields": {
    "group": 2,
    "collection": 1,
    "permission": 107
  }
},
{
  "model": "wagtailcore.groupcollectionpermission",
  "pk": 9,
  "fields": {
    "group": 1,
    "collection": 1,
    "permission": 109
  }
},
{
  "model": "wagtailcore.groupcollectionpermission",
  "pk": 10,
  "fields": {
    "group": 2,
    "collection": 1,
    "permission": 109
  }
},
{
  "model": "wagtailcore.referenceindex",
  "pk": 1,
  "fields": {
    "content_type": 2,
    "base_content_type": 2,
    "object_id": "1",
    "to_content_type": 8,
    "to_object_id": "1",
    "model_path": "collection",
    "content_path": "collection",
    "content_path_hash": "b40b1263-e929-57f2-a7f8-9dbce56b887b"
  }
},
{
  "model": "wagtailcore.page",
  "pk": 1,
  "fields": {
    "path": "0001",
    "depth": 1,
    "numchild": 1,
    "translation_key": "a443c28d-cb9d-4b5c-93e1-1117a5ae7e2a",
    "locale": 1,
    "latest_revision": null,
    "live": true,
    "has_unpublished_changes": false,
    "first_published_at": null,
    "last_published_at": null,
    "live_revision": null,
    "go_live_at": null,
    "expire_at": null,
    "expired": false,
    "locked": false,
    "locked_at": null,
    "locked_by": null,
    "title": "Root",
    "draft_title": "Root",
    "slug": "root",
    "content_type": 1,
    "url_path": "/",
    "owner": null,
    "seo_title": "",
    "show_in_menus": false,
    "search_description": "",
    "latest_revision_created_at": null,
    "alias_of": null
  }
},
{
  "model": "wagtailcore.page",
  "pk": 3,
  "fields": {
    "path": "00010002",
    "depth": 2,
    "numchild": 1,
    "translation_key": "9581f3d4-7fab-4cc6-84a3-89de1f5870d3",
    "locale": 1,
    "latest_revision": 4,
    "live": true,
    "has_unpublished_changes": false,
    "first_published_at": "2025-01-24T00:54:57.256Z",
    "last_published_at": "2025-01-24T00:55:22.843Z",
    "live_revision": 4,
    "go_live_at": null,
    "expire_at": null,
    "expired": false,
    "locked": false,
    "locked_at": null,
    "locked_by": null,
    "title": "Home",
    "draft_title": "Home",
    "slug": "home",
    "content_type": 30,
    "url_path": "/home/",
    "owner": 2,
    "seo_title": "Ada Wright writes here",
    "show_in_menus": true,
    "search_description": "I'm a software developer from Perth, Australia, who loves most things Python. This is my little hand-crafted blog-cum-personal website-cum-little decentralised rant-hole on the internet.",
    "latest_revision_created_at": "2025-01-24T00:55:22.759Z",
    "alias_of": null
  }
},
{
  "model": "wagtailcore.page",
  "pk": 4,
  "fields": {
    "path": "000100020001",
    "depth": 3,
    "numchild": 0,
    "translation_key": "8ebae3ed-3893-41e8-bf25-6cff8ecdccaa",
    "locale": 1,
    "latest_revision": 5,
    "live": true,
    "has_unpublished_changes": false,
    "first_published_at": "2025-01-24T00:56:10.300Z",
    "last_published_at": "2025-01-24T00:56:10.300Z",
    "live_revision": 5,
    "go_live_at": null,
    "expire_at": null,
    "expired": false,
    "locked": false,
    "locked_at": null,
    "locked_by": null,
    "title": "Blog",
    "draft_title": "Blog",
    "slug": "blog",
    "content_type": 32,
    "url_path": "/home/blog/",
    "owner": 2,
    "seo_title": "",
    "show_in_menus": true,
    "search_description": "",
    "latest_revision_created_at": "2025-01-24T00:56:10.227Z",
    "alias_of": null
  }
},
{
  "model": "wagtailcore.revision",
  "pk": 1,
  "fields": {
    "content_type": 30,
    "base_content_type": 1,
    "object_id": "3",
    "created_at": "2025-01-24T00:53:43.677Z",
    "user": 2,
    "object_str": "Home",
    "content": {
      "pk": 3,
      "live": false,
      "path": "00010002",
      "slug": "home-new",
      "depth": 2,
      "owner": 2,
      "title": "Home",
      "locale": 1,
      "locked": false,
      "expired": false,
      "alias_of": null,
      "numchild": 0,
      "url_path": "/home-new/",
      "expire_at": null,
      "locked_at": null,
      "locked_by": null,
      "seo_title": "Ada Wright writes here",
      "go_live_at": null,
      "draft_title": "Home",
      "top_content": "[{\"type\": \"rich_text\", \"value\": \"<h1 data-block-key=\\\"a8bgp\\\">About me</h1><p data-block-key=\\\"b365o\\\">Welcome! I'm a software developer from Perth, Western Australia, who's mostly worked with full web stacks, but generally love most things Python, and many things DevOps.</p><p data-block-key=\\\"80r3k\\\">This is my blog / personal website / little hand-rolled place on the internet where I can rant.</p>\", \"id\": \"2feced3d-03b3-4be0-8041-03372f10a51f\"}, {\"type\": \"icon_link_lists\", \"value\": {\"lists\": [{\"type\": \"link_list\", \"value\": {\"heading\": \"Socials\", \"heading_level\": 1, \"items\": [{\"type\": \"item\", \"value\": {\"href\": \"https://mastodon.social/@hipikat\", \"label\": \"Mastodon\", \"icon\": \"mastodon\"}, \"id\": \"5512d3ad-82c2-461c-8a24-ae4b433b7648\"}, {\"type\": \"item\", \"value\": {\"href\": \"https://bsky.app/profile/hipikat.bsky.social\", \"label\": \"Bluesky\", \"icon\": \"bluesky\"}, \"id\": \"d2be4414-f648-413e-a38f-07198f143902\"}, {\"type\": \"item\", \"value\": {\"href\": \"https://github.com/hipikat\", \"label\": \"GitHub\", \"icon\": \"github\"}, \"id\": \"2db41738-71ea-4a78-a706-35582f5a6534\"}, {\"type\": \"item\", \"value\": {\"href\": \"http://linkedin.com/in/hipikat/\", \"label\": \"LinkedIn\", \"icon\": \"linkedin\"}, \"id\": \"ad8fa80c-a966-4416-8f24-32718011f2ec\"}, {\"type\": \"item\", \"value\": {\"href\": \"https://www.facebook.com/hipikat\", \"label\": \"Facebook\", \"icon\": \"facebook\"}, \"id\": \"8cd4e344-da9b-45ba-b47c-6c38a36fde59\"}, {\"type\": \"item\", \"value\": {\"href\": \"https://stackoverflow.com/users/218397/hipikat\", \"label\": \"StackOverflow\", \"icon\": \"stackoverflow\"}, \"id\": \"c5d99617-7866-4a97-b0a9-7f386219b540\"}, {\"type\": \"item\", \"value\": {\"href\": \"https://www.threads.net/@hipikat\", \"label\": \"Threads\", \"icon\": \"threads\"}, \"id\": \"a39f3f50-3c70-48db-89ea-0f9d47f5a23e\"}, {\"type\": \"item\", \"value\": {\"href\": \"https://www.instagram.com/hipikat/\", \"label\": \"Instagram\", \"icon\": \"instagram\"}, \"id\": \"34bf78f0-e961-42c7-b09d-cbfbd5430b57\"}, {\"type\": \"item\", \"value\": {\"href\": \"https://www.youtube.com/@adawright2895\", \"label\": \"YouTube\", \"icon\": \"youtube\"}, \"id\": \"3aedf5e1-3655-4326-aee4-ae5fa5d3be9c\"}, {\"type\": \"item\", \"value\": {\"href\": \"https://www.twitch.tv/chipikat\", \"label\": \"Twitch\", \"icon\": \"twitch\"}, \"id\": \"85b28960-e836-48d2-ae3d-847e80b08603\"}, {\"type\": \"item\", \"value\": {\"href\": \"https://x.com/pypikat\", \"label\": \"\\\"X\\\" (2007-2022)\", \"icon\": \"twitter\"}, \"id\": \"5544cb23-207e-495c-a657-5c63ab119559\"}]}, \"id\": \"3f0a5bc8-d317-4782-b7e1-ae3e35a603ed\"}, {\"type\": \"link_list\", \"value\": {\"heading\": \"Contact me\", \"heading_level\": 2, \"items\": [{\"type\": \"item\", \"value\": {\"href\": \"mailto:ada@hpk.io\", \"label\": \"Email\", \"icon\": \"email\"}, \"id\": \"5512d3ad-82c2-461c-8a24-ae4b433b7648\"}, {\"type\": \"item\", \"value\": {\"href\": \"http://t.me/hipikat\", \"label\": \"Telegram\", \"icon\": \"telegram\"}, \"id\": \"b0a08281-a602-453f-afaa-225d52177e3d\"}]}, \"id\": \"f9a1fe15-ecd3-4e6f-ae9e-063eb9ad7afc\"}]}, \"id\": \"105f9b46-27dd-4ebb-9032-42b5e892fab4\"}]",
      "content_type": 30,
      "live_revision": null,
      "show_in_menus": false,
      "bottom_content": "[]",
      "latest_revision": null,
      "translation_key": "9581f3d4-7fab-4cc6-84a3-89de1f5870d3",
      "last_published_at": null,
      "first_published_at": null,
      "search_description": "I'm a software developer from Perth, Australia, who loves most things Python. This is my little hand-crafted blog-cum-personal website-cum-little decentralised rant-hole on the internet.",
      "wagtail_admin_comments": [],
      "has_unpublished_changes": false,
      "latest_revision_created_at": null
    },
    "approved_go_live_at": null
  }
},
{
  "model": "wagtailcore.revision",
  "pk": 2,
  "fields": {
    "content_type": 30,
    "base_content_type": 1,
    "object_id": "3",
    "created_at": "2025-01-24T00:54:57.179Z",
    "user": 2,
    "object_str": "Home",
    "content": {
      "pk": 3,
      "live": false,
      "path": "00010002",
      "slug": "home",
      "depth": 2,
      "owner": 2,
      "title": "Home",
      "locale": 1,
      "locked": false,
      "expired": false,
      "alias_of": null,
      "numchild": 0,
      "url_path": "/home/",
      "expire_at": null,
      "locked_at": null,
      "locked_by": null,
      "seo_title": "Ada Wright writes here",
      "go_live_at": null,
      "draft_title": "Home",
      "top_content": "[{\"type\": \"rich_text\", \"value\": \"<h1 data-block-key=\\\"a8bgp\\\">About me</h1><p data-block-key=\\\"b365o\\\">Welcome! I'm a software developer from Perth, Western Australia, who's mostly worked with full web stacks, but generally love most things Python, and many things DevOps.</p><p data-block-key=\\\"80r3k\\\">This is my blog / personal website / little hand-rolled place on the internet where I can rant.</p>\", \"id\": \"2feced3d-03b3-4be0-8041-03372f10a51f\"}, {\"type\": \"icon_link_lists\", \"value\": {\"lists\": [{\"type\": \"link_list\", \"value\": {\"heading\": \"Socials\", \"heading_level\": 1, \"items\": [{\"type\": \"item\", \"value\": {\"href\": \"https://mastodon.social/@hipikat\", \"label\": \"Mastodon\", \"icon\": \"mastodon\"}, \"id\": \"5512d3ad-82c2-461c-8a24-ae4b433b7648\"}, {\"type\": \"item\", \"value\": {\"href\": \"https://bsky.app/profile/hipikat.bsky.social\", \"label\": \"Bluesky\", \"icon\": \"bluesky\"}, \"id\": \"d2be4414-f648-413e-a38f-07198f143902\"}, {\"type\": \"item\", \"value\": {\"href\": \"https://github.com/hipikat\", \"label\": \"GitHub\", \"icon\": \"github\"}, \"id\": \"2db41738-71ea-4a78-a706-35582f5a6534\"}, {\"type\": \"item\", \"value\": {\"href\": \"http://linkedin.com/in/hipikat/\", \"label\": \"LinkedIn\", \"icon\": \"linkedin\"}, \"id\": \"ad8fa80c-a966-4416-8f24-32718011f2ec\"}, {\"type\": \"item\", \"value\": {\"href\": \"https://www.facebook.com/hipikat\", \"label\": \"Facebook\", \"icon\": \"facebook\"}, \"id\": \"8cd4e344-da9b-45ba-b47c-6c38a36fde59\"}, {\"type\": \"item\", \"value\": {\"href\": \"https://stackoverflow.com/users/218397/hipikat\", \"label\": \"StackOverflow\", \"icon\": \"stackoverflow\"}, \"id\": \"c5d99617-7866-4a97-b0a9-7f386219b540\"}, {\"type\": \"item\", \"value\": {\"href\": \"https://www.threads.net/@hipikat\", \"label\": \"Threads\", \"icon\": \"threads\"}, \"id\": \"a39f3f50-3c70-48db-89ea-0f9d47f5a23e\"}, {\"type\": \"item\", \"value\": {\"href\": \"https://www.instagram.com/hipikat/\", \"label\": \"Instagram\", \"icon\": \"instagram\"}, \"id\": \"34bf78f0-e961-42c7-b09d-cbfbd5430b57\"}, {\"type\": \"item\", \"value\": {\"href\": \"https://www.youtube.com/@adawright2895\", \"label\": \"YouTube\", \"icon\": \"youtube\"}, \"id\": \"3aedf5e1-3655-4326-aee4-ae5fa5d3be9c\"}, {\"type\": \"item\", \"value\": {\"href\": \"https://www.twitch.tv/chipikat\", \"label\": \"Twitch\", \"icon\": \"twitch\"}, \"id\": \"85b28960-e836-48d2-ae3d-847e80b08603\"}, {\"type\": \"item\", \"value\": {\"href\": \"https://x.com/pypikat\", \"label\": \"\\\"X\\\" (2007-2022)\", \"icon\": \"twitter\"}, \"id\": \"5544cb23-207e-495c-a657-5c63ab119559\"}]}, \"id\": \"3f0a5bc8-d317-4782-b7e1-ae3e35a603ed\"}, {\"type\": \"link_list\", \"value\": {\"heading\": \"Contact me\", \"heading_level\": 2, \"items\": [{\"type\": \"item\", \"value\": {\"href\": \"mailto:ada@hpk.io\", \"label\": \"Email\", \"icon\": \"email\"}, \"id\": \"5512d3ad-82c2-461c-8a24-ae4b433b7648\"}, {\"type\": \"item\", \"value\": {\"href\": \"http://t.me/hipikat\", \"label\": \"Telegram\", \"icon\": \"telegram\"}, \"id\": \"b0a08281-a602-453f-afaa-225d52177e3d\"}]}, \"id\": \"f9a1fe15-ecd3-4e6f-ae9e-063eb9ad7afc\"}]}, \"id\": \"105f9b46-27dd-4ebb-9032-42b5e892fab4\"}]",
      "content_type": 30,
      "live_revision": null,
      "show_in_menus": false,
      "bottom_content": "[]",
      "latest_revision": 1,
      "translation_key": "9581f3d4-7fab-4cc6-84a3-89de1f5870d3",
      "last_published_at": null,
      "first_published_at": null,
      "search_description": "I'm a software developer from Perth, Australia, who loves most things Python. This is my little hand-crafted blog-cum-personal website-cum-little decentralised rant-hole on the internet.",
      "wagtail_admin_comments": [],
      "has_unpublished_changes": true,
      "latest_revision_created_at": "2025-01-24T00:53:43.677Z"
    },
    "approved_go_live_at": null
  }
},
{
  "model": "wagtailcore.revision",
  "pk": 3,
  "fields": {
    "content_type": 30,
    "base_content_type": 1,
    "object_id": "3",
    "created_at": "2025-01-24T00:55:15.458Z",
    "user": 2,
    "object_str": "Home",
    "content": {
      "pk": 3,
      "live": true,
      "path": "00010002",
      "slug": "home",
      "depth": 2,
      "owner": 2,
      "title": "Home",
      "locale": 1,
      "locked": false,
      "expired": false,
      "alias_of": null,
      "numchild": 0,
      "url_path": "/home/",
      "expire_at": null,
      "locked_at": null,
      "locked_by": null,
      "seo_title": "Ada Wright writes here",
      "go_live_at": null,
      "draft_title": "Home",
      "top_content": "[{\"type\": \"rich_text\", \"value\": \"<h1 data-block-key=\\\"a8bgp\\\">About me</h1><p data-block-key=\\\"b365o\\\">Welcome! I'm a software developer from Perth, Western Australia, who's mostly worked with full web stacks, but generally love most things Python, and many things DevOps.</p><p data-block-key=\\\"80r3k\\\">This is my blog / personal website / little hand-rolled place on the internet where I can rant.</p>\", \"id\": \"2feced3d-03b3-4be0-8041-03372f10a51f\"}, {\"type\": \"icon_link_lists\", \"value\": {\"lists\": [{\"type\": \"link_list\", \"value\": {\"heading\": \"Socials\", \"heading_level\": 1, \"items\": [{\"type\": \"item\", \"value\": {\"href\": \"https://mastodon.social/@hipikat\", \"label\": \"Mastodon\", \"icon\": \"mastodon\"}, \"id\": \"5512d3ad-82c2-461c-8a24-ae4b433b7648\"}, {\"type\": \"item\", \"value\": {\"href\": \"https://bsky.app/profile/hipikat.bsky.social\", \"label\": \"Bluesky\", \"icon\": \"bluesky\"}, \"id\": \"d2be4414-f648-413e-a38f-07198f143902\"}, {\"type\": \"item\", \"value\": {\"href\": \"https://github.com/hipikat\", \"label\": \"GitHub\", \"icon\": \"github\"}, \"id\": \"2db41738-71ea-4a78-a706-35582f5a6534\"}, {\"type\": \"item\", \"value\": {\"href\": \"http://linkedin.com/in/hipikat/\", \"label\": \"LinkedIn\", \"icon\": \"linkedin\"}, \"id\": \"ad8fa80c-a966-4416-8f24-32718011f2ec\"}, {\"type\": \"item\", \"value\": {\"href\": \"https://www.facebook.com/hipikat\", \"label\": \"Facebook\", \"icon\": \"facebook\"}, \"id\": \"8cd4e344-da9b-45ba-b47c-6c38a36fde59\"}, {\"type\": \"item\", \"value\": {\"href\": \"https://stackoverflow.com/users/218397/hipikat\", \"label\": \"StackOverflow\", \"icon\": \"stackoverflow\"}, \"id\": \"c5d99617-7866-4a97-b0a9-7f386219b540\"}, {\"type\": \"item\", \"value\": {\"href\": \"https://www.threads.net/@hipikat\", \"label\": \"Threads\", \"icon\": \"threads\"}, \"id\": \"a39f3f50-3c70-48db-89ea-0f9d47f5a23e\"}, {\"type\": \"item\", \"value\": {\"href\": \"https://www.instagram.com/hipikat/\", \"label\": \"Instagram\", \"icon\": \"instagram\"}, \"id\": \"34bf78f0-e961-42c7-b09d-cbfbd5430b57\"}, {\"type\": \"item\", \"value\": {\"href\": \"https://www.youtube.com/@adawright2895\", \"label\": \"YouTube\", \"icon\": \"youtube\"}, \"id\": \"3aedf5e1-3655-4326-aee4-ae5fa5d3be9c\"}, {\"type\": \"item\", \"value\": {\"href\": \"https://www.twitch.tv/chipikat\", \"label\": \"Twitch\", \"icon\": \"twitch\"}, \"id\": \"85b28960-e836-48d2-ae3d-847e80b08603\"}, {\"type\": \"item\", \"value\": {\"href\": \"https://x.com/pypikat\", \"label\": \"\\\"X\\\" (2007-2022)\", \"icon\": \"twitter\"}, \"id\": \"5544cb23-207e-495c-a657-5c63ab119559\"}]}, \"id\": \"3f0a5bc8-d317-4782-b7e1-ae3e35a603ed\"}, {\"type\": \"link_list\", \"value\": {\"heading\": \"Contact me\", \"heading_level\": 2, \"items\": [{\"type\": \"item\", \"value\": {\"href\": \"mailto:ada@hpk.io\", \"label\": \"Email\", \"icon\": \"email\"}, \"id\": \"5512d3ad-82c2-461c-8a24-ae4b433b7648\"}, {\"type\": \"item\", \"value\": {\"href\": \"http://t.me/hipikat\", \"label\": \"Telegram\", \"icon\": \"telegram\"}, \"id\": \"b0a08281-a602-453f-afaa-225d52177e3d\"}]}, \"id\": \"f9a1fe15-ecd3-4e6f-ae9e-063eb9ad7afc\"}]}, \"id\": \"105f9b46-27dd-4ebb-9032-42b5e892fab4\"}]",
      "content_type": 30,
      "live_revision": 2,
      "show_in_menus": true,
      "bottom_content": "[]",
      "latest_revision": 2,
      "translation_key": "9581f3d4-7fab-4cc6-84a3-89de1f5870d3",
      "last_published_at": "2025-01-24T00:54:57.256Z",
      "first_published_at": "2025-01-24T00:54:57.256Z",
      "search_description": "I'm a software developer from Perth, Australia, who loves most things Python. This is my little hand-crafted blog-cum-personal website-cum-little decentralised rant-hole on the internet.",
      "wagtail_admin_comments": [],
      "has_unpublished_changes": false,
      "latest_revision_created_at": "2025-01-24T00:54:57.179Z"
    },
    "approved_go_live_at": null
  }
},
{
  "model": "wagtailcore.revision",
  "pk": 4,
  "fields": {
    "content_type": 30,
    "base_content_type": 1,
    "object_id": "3",
    "created_at": "2025-01-24T00:55:22.759Z",
    "user": 2,
    "object_str": "Home",
    "content": {
      "pk": 3,
      "live": true,
      "path": "00010002",
      "slug": "home",
      "depth": 2,
      "owner": 2,
      "title": "Home",
      "locale": 1,
      "locked": false,
      "expired": false,
      "alias_of": null,
      "numchild": 0,
      "url_path": "/home/",
      "expire_at": null,
      "locked_at": null,
      "locked_by": null,
      "seo_title": "Ada Wright writes here",
      "go_live_at": null,
      "draft_title": "Home",
      "top_content": "[{\"type\": \"rich_text\", \"value\": \"<h1 data-block-key=\\\"a8bgp\\\">About me</h1><p data-block-key=\\\"b365o\\\">Welcome! I'm a software developer from Perth, Western Australia, who's mostly worked with full web stacks, but generally love most things Python, and many things DevOps.</p><p data-block-key=\\\"80r3k\\\">This is my blog / personal website / little hand-rolled place on the internet where I can rant.</p>\", \"id\": \"2feced3d-03b3-4be0-8041-03372f10a51f\"}, {\"type\": \"icon_link_lists\", \"value\": {\"lists\": [{\"type\": \"link_list\", \"value\": {\"heading\": \"Socials\", \"heading_level\": 1, \"items\": [{\"type\": \"item\", \"value\": {\"href\": \"https://mastodon.social/@hipikat\", \"label\": \"Mastodon\", \"icon\": \"mastodon\"}, \"id\": \"5512d3ad-82c2-461c-8a24-ae4b433b7648\"}, {\"type\": \"item\", \"value\": {\"href\": \"https://bsky.app/profile/hipikat.bsky.social\", \"label\": \"Bluesky\", \"icon\": \"bluesky\"}, \"id\": \"d2be4414-f648-413e-a38f-07198f143902\"}, {\"type\": \"item\", \"value\": {\"href\": \"https://github.com/hipikat\", \"label\": \"GitHub\", \"icon\": \"github\"}, \"id\": \"2db41738-71ea-4a78-a706-35582f5a6534\"}, {\"type\": \"item\", \"value\": {\"href\": \"http://linkedin.com/in/hipikat/\", \"label\": \"LinkedIn\", \"icon\": \"linkedin\"}, \"id\": \"ad8fa80c-a966-4416-8f24-32718011f2ec\"}, {\"type\": \"item\", \"value\": {\"href\": \"https://www.facebook.com/hipikat\", \"label\": \"Facebook\", \"icon\": \"facebook\"}, \"id\": \"8cd4e344-da9b-45ba-b47c-6c38a36fde59\"}, {\"type\": \"item\", \"value\": {\"href\": \"https://stackoverflow.com/users/218397/hipikat\", \"label\": \"StackOverflow\", \"icon\": \"stackoverflow\"}, \"id\": \"c5d99617-7866-4a97-b0a9-7f386219b540\"}, {\"type\": \"item\", \"value\": {\"href\": \"https://www.threads.net/@hipikat\", \"label\": \"Threads\", \"icon\": \"threads\"}, \"id\": \"a39f3f50-3c70-48db-89ea-0f9d47f5a23e\"}, {\"type\": \"item\", \"value\": {\"href\": \"https://www.instagram.com/hipikat/\", \"label\": \"Instagram\", \"icon\": \"instagram\"}, \"id\": \"34bf78f0-e961-42c7-b09d-cbfbd5430b57\"}, {\"type\": \"item\", \"value\": {\"href\": \"https://www.youtube.com/@adawright2895\", \"label\": \"YouTube\", \"icon\": \"youtube\"}, \"id\": \"3aedf5e1-3655-4326-aee4-ae5fa5d3be9c\"}, {\"type\": \"item\", \"value\": {\"href\": \"https://www.twitch.tv/chipikat\", \"label\": \"Twitch\", \"icon\": \"twitch\"}, \"id\": \"85b28960-e836-48d2-ae3d-847e80b08603\"}, {\"type\": \"item\", \"value\": {\"href\": \"https://x.com/pypikat\", \"label\": \"\\\"X\\\" (2007-2022)\", \"icon\": \"twitter\"}, \"id\": \"5544cb23-207e-495c-a657-5c63ab119559\"}]}, \"id\": \"3f0a5bc8-d317-4782-b7e1-ae3e35a603ed\"}, {\"type\": \"link_list\", \"value\": {\"heading\": \"Contact me\", \"heading_level\": 2, \"items\": [{\"type\": \"item\", \"value\": {\"href\": \"mailto:ada@hpk.io\", \"label\": \"Email\", \"icon\": \"email\"}, \"id\": \"5512d3ad-82c2-461c-8a24-ae4b433b7648\"}, {\"type\": \"item\", \"value\": {\"href\": \"http://t.me/hipikat\", \"label\": \"Telegram\", \"icon\": \"telegram\"}, \"id\": \"b0a08281-a602-453f-afaa-225d52177e3d\"}]}, \"id\": \"f9a1fe15-ecd3-4e6f-ae9e-063eb9ad7afc\"}]}, \"id\": \"105f9b46-27dd-4ebb-9032-42b5e892fab4\"}]",
      "content_type": 30,
      "live_revision": 2,
      "show_in_menus": true,
      "bottom_content": "[]",
      "latest_revision": 3,
      "translation_key": "9581f3d4-7fab-4cc6-84a3-89de1f5870d3",
      "last_published_at": "2025-01-24T00:54:57.256Z",
      "first_published_at": "2025-01-24T00:54:57.256Z",
      "search_description": "I'm a software developer from Perth, Australia, who loves most things Python. This is my little hand-crafted blog-cum-personal website-cum-little decentralised rant-hole on the internet.",
      "wagtail_admin_comments": [],
      "has_unpublished_changes": true,
      "latest_revision_created_at": "2025-01-24T00:55:15.458Z"
    },
    "approved_go_live_at": null
  }
},
{
  "model": "wagtailcore.revision",
  "pk": 5,
  "fields": {
    "content_type": 32,
    "base_content_type": 1,
    "object_id": "4",
    "created_at": "2025-01-24T00:56:10.227Z",
    "user": 2,
    "object_str": "Blog",
    "content": {
      "pk": 4,
      "live": true,
      "path": "000100020001",
      "slug": "blog",
      "depth": 3,
      "intro": "<h1 data-block-key=\"5neok\">Things I've Posted</h1><p data-block-key=\"c6dtn\"></p>",
      "owner": 2,
      "title": "Blog",
      "locale": 1,
      "locked": false,
      "expired": false,
      "alias_of": null,
      "numchild": 0,
      "url_path": "/home/blog/",
      "expire_at": null,
      "locked_at": null,
      "locked_by": null,
      "seo_title": "",
      "go_live_at": null,
      "draft_title": "Blog",
      "content_type": 32,
      "live_revision": null,
      "show_in_menus": true,
      "latest_revision": null,
      "translation_key": "8ebae3ed-3893-41e8-bf25-6cff8ecdccaa",
      "last_published_at": null,
      "first_published_at": null,
      "search_description": "",
      "wagtail_admin_comments": [],
      "has_unpublished_changes": false,
      "latest_revision_created_at": null
    },
    "approved_go_live_at": null
  }
},
{
  "model": "wagtailcore.grouppagepermission",
  "pk": 1,
  "fields": {
    "group": 1,
    "page": 1,
    "permission": 37
  }
},
{
  "model": "wagtailcore.grouppagepermission",
  "pk": 2,
  "fields": {
    "group": 1,
    "page": 1,
    "permission": 38
  }
},
{
  "model": "wagtailcore.grouppagepermission",
  "pk": 3,
  "fields": {
    "group": 1,
    "page": 1,
    "permission": 43
  }
},
{
  "model": "wagtailcore.grouppagepermission",
  "pk": 4,
  "fields": {
    "group": 2,
    "page": 1,
    "permission": 37
  }
},
{
  "model": "wagtailcore.grouppagepermission",
  "pk": 5,
  "fields": {
    "group": 2,
    "page": 1,
    "permission": 38
  }
},
{
  "model": "wagtailcore.grouppagepermission",
  "pk": 6,
  "fields": {
    "group": 1,
    "page": 1,
    "permission": 42
  }
},
{
  "model": "wagtailcore.grouppagepermission",
  "pk": 7,
  "fields": {
    "group": 1,
    "page": 1,
    "permission": 44
  }
},
{
  "model": "wagtailcore.workflowpage",
  "pk": 1,
  "fields": {
    "workflow": 1
  }
},
{
  "model": "wagtailcore.workflowtask",
  "pk": 1,
  "fields": {
    "sort_order": 0,
    "workflow": 1,
    "task": 1
  }
},
{
  "model": "wagtailcore.task",
  "pk": 1,
  "fields": {
    "name": "Moderators approval",
    "content_type": 3,
    "active": true
  }
},
{
  "model": "wagtailcore.workflow",
  "pk": 1,
  "fields": {
    "name": "Moderators approval",
    "active": true
  }
},
{
  "model": "wagtailcore.groupapprovaltask",
  "pk": 1,
  "fields": {
    "groups": [
      1
    ]
  }
},
{
  "model": "wagtailcore.pagelogentry",
  "pk": 1,
  "fields": {
    "content_type": 30,
    "label": "Home",
    "action": "wagtail.create",
    "data": {},
    "timestamp": "2025-01-24T00:53:43.650Z",
    "uuid": "cae9c101-4f3c-455e-a126-6b8f636449a9",
    "user": 2,
    "revision": null,
    "content_changed": true,
    "deleted": false,
    "page": 3
  }
},
{
  "model": "wagtailcore.pagelogentry",
  "pk": 2,
  "fields": {
    "content_type": 30,
    "label": "Home",
    "action": "wagtail.edit",
    "data": {},
    "timestamp": "2025-01-24T00:53:43.718Z",
    "uuid": "cae9c101-4f3c-455e-a126-6b8f636449a9",
    "user": 2,
    "revision": 1,
    "content_changed": true,
    "deleted": false,
    "page": 3
  }
},
{
  "model": "wagtailcore.pagelogentry",
  "pk": 3,
  "fields": {
    "content_type": 1,
    "label": "Welcome to your new Wagtail site!",
    "action": "wagtail.delete",
    "data": {},
    "timestamp": "2025-01-24T00:54:38.400Z",
    "uuid": "e0f81cca-edbb-4edb-ae50-68f05ee99014",
    "user": 2,
    "revision": null,
    "content_changed": false,
    "deleted": true,
    "page": 2
  }
},
{
  "model": "wagtailcore.pagelogentry",
  "pk": 4,
  "fields": {
    "content_type": 30,
    "label": "Home",
    "action": "wagtail.edit",
    "data": {},
    "timestamp": "2025-01-24T00:54:57.209Z",
    "uuid": "b588e4bc-a974-4085-910c-a97be09b6d5e",
    "user": 2,
    "revision": 2,
    "content_changed": true,
    "deleted": false,
    "page": 3
  }
},
{
  "model": "wagtailcore.pagelogentry",
  "pk": 5,
  "fields": {
    "content_type": 30,
    "label": "Home",
    "action": "wagtail.publish",
    "data": {},
    "timestamp": "2025-01-24T00:54:57.359Z",
    "uuid": "b588e4bc-a974-4085-910c-a97be09b6d5e",
    "user": 2,
    "revision": 2,
    "content_changed": true,
    "deleted": false,
    "page": 3
  }
},
{
  "model": "wagtailcore.pagelogentry",
  "pk": 6,
  "fields": {
    "content_type": 30,
    "label": "Home",
    "action": "wagtail.edit",
    "data": {},
    "timestamp": "2025-01-24T00:55:15.494Z",
    "uuid": "b6681204-497a-406f-bae4-c66baaf59198",
    "user": 2,
    "revision": 3,
    "content_changed": true,
    "deleted": false,
    "page": 3
  }
},
{
  "model": "wagtailcore.pagelogentry",
  "pk": 7,
  "fields": {
    "content_type": 30,
    "label": "Home",
    "action": "wagtail.edit",
    "data": {},
    "timestamp": "2025-01-24T00:55:22.806Z",
    "uuid": "d953a14d-b46e-406a-b2d9-9f21827b8c1e",
    "user": 2,
    "revision": 4,
    "content_changed": true,
    "deleted": false,
    "page": 3
  }
},
{
  "model": "wagtailcore.pagelogentry",
  "pk": 8,
  "fields": {
    "content_type": 30,
    "label": "Home",
    "action": "wagtail.publish",
    "data": {},
    "timestamp": "2025-01-24T00:55:22.916Z",
    "uuid": "d953a14d-b46e-406a-b2d9-9f21827b8c1e",
    "user": 2,
    "revision": 4,
    "content_changed": true,
    "deleted": false,
    "page": 3
  }
},
{
  "model": "wagtailcore.pagelogentry",
  "pk": 9,
  "fields": {
    "content_type": 32,
    "label": "Blog",
    "action": "wagtail.create",
    "data": {},
    "timestamp": "2025-01-24T00:56:10.196Z",
    "uuid": "97e887d7-98b7-4671-b6e0-2e287c79fc8c",
    "user": 2,
    "revision": null,
    "content_changed": true,
    "deleted": false,
    "page": 4
  }
},
{
  "model": "wagtailcore.pagelogentry",
  "pk": 10,
  "fields": {
    "content_type": 32,
    "label": "Blog",
    "action": "wagtail.edit",
    "data": {},
    "timestamp": "2025-01-24T00:56:10.270Z",
    "uuid": "97e887d7-98b7-4671-b6e0-2e287c79fc8c",
    "user": 2,
    "revision": 5,
    "content_changed": true,
    "deleted": false,
    "page": 4
  }
},
{
  "model": "wagtailcore.pagelogentry",
  "pk": 11,
  "fields": {
    "content_type": 32,
    "label": "Blog",
    "action": "wagtail.publish",
    "data": {},
    "timestamp": "2025-01-24T00:56:10.368Z",
    "uuid": "97e887d7-98b7-4671-b6e0-2e287c79fc8c",
    "user": 2,
    "revision": 5,
    "content_changed": true,
    "deleted": false,
    "page": 4
  }
},
{
  "model": "wagtailcore.pagesubscription",
  "pk": 1,
  "fields": {
    "user": 2,
    "page": 3,
    "comment_notifications": true
  }
},
{
  "model": "wagtailcore.pagesubscription",
  "pk": 2,
  "fields": {
    "user": 2,
    "page": 4,
    "comment_notifications": true
  }
},
{
  "model": "taggit.tag",
  "pk": 1,
  "fields": {
    "name": "social photo",
    "slug": "social-photo"
  }
},
{
  "model": "taggit.taggeditem",
  "pk": 1,
  "fields": {
    "tag": 1,
    "content_type": 2,
    "object_id": 1
  }
},
{
  "model": "contenttypes.contenttype",
  "pk": 1,
  "fields": {
    "app_label": "wagtailcore",
    "model": "page"
  }
},
{
  "model": "contenttypes.contenttype",
  "pk": 2,
  "fields": {
    "app_label": "wagtailimages",
    "model": "image"
  }
},
{
  "model": "contenttypes.contenttype",
  "pk": 3,
  "fields": {
    "app_label": "wagtailcore",
    "model": "groupapprovaltask"
  }
},
{
  "model": "contenttypes.contenttype",
  "pk": 4,
  "fields": {
    "app_label": "wagtailcore",
    "model": "locale"
  }
},
{
  "model": "contenttypes.contenttype",
  "pk": 5,
  "fields": {
    "app_label": "wagtailcore",
    "model": "site"
  }
},
{
  "model": "contenttypes.contenttype",
  "pk": 6,
  "fields": {
    "app_label": "wagtailcore",
    "model": "modellogentry"
  }
},
{
  "model": "contenttypes.contenttype",
  "pk": 7,
  "fields": {
    "app_label": "wagtailcore",
    "model": "collectionviewrestriction"
  }
},
{
  "model": "contenttypes.contenttype",
  "pk": 8,
  "fields": {
    "app_label": "wagtailcore",
    "model": "collection"
  }
},
{
  "model": "contenttypes.contenttype",
  "pk": 9,
  "fields": {
    "app_label": "wagtailcore",
    "model": "groupcollectionpermission"
  }
},
{
  "model": "contenttypes.contenttype",
  "pk": 10,
  "fields": {
    "app_label": "wagtailcore",
    "model": "uploadedfile"
  }
},
{
  "model": "contenttypes.contenttype",
  "pk": 11,
  "fields": {
    "app_label": "wagtailcore",
    "model": "referenceindex"
  }
},
{
  "model": "contenttypes.contenttype",
  "pk": 12,
  "fields": {
    "app_label": "wagtailcore",
    "model": "revision"
  }
},
{
  "model": "contenttypes.contenttype",
  "pk": 13,
  "fields": {
    "app_label": "wagtailcore",
    "model": "grouppagepermission"
  }
},
{
  "model": "contenttypes.contenttype",
  "pk": 14,
  "fields": {
    "app_label": "wagtailcore",
    "model": "pageviewrestriction"
  }
},
{
  "model": "contenttypes.contenttype",
  "pk": 15,
  "fields": {
    "app_label": "wagtailcore",
    "model": "workflowpage"
  }
},
{
  "model": "contenttypes.contenttype",
  "pk": 16,
  "fields": {
    "app_label": "wagtailcore",
    "model": "workflowcontenttype"
  }
},
{
  "model": "contenttypes.contenttype",
  "pk": 17,
  "fields": {
    "app_label": "wagtailcore",
    "model": "workflowtask"
  }
},
{
  "model": "contenttypes.contenttype",
  "pk": 18,
  "fields": {
    "app_label": "wagtailcore",
    "model": "task"
  }
},
{
  "model": "contenttypes.contenttype",
  "pk": 19,
  "fields": {
    "app_label": "wagtailcore",
    "model": "workflow"
  }
},
{
  "model": "contenttypes.contenttype",
  "pk": 20,
  "fields": {
    "app_label": "wagtailcore",
    "model": "workflowstate"
  }
},
{
  "model": "contenttypes.contenttype",
  "pk": 21,
  "fields": {
    "app_label": "wagtailcore",
    "model": "taskstate"
  }
},
{
  "model": "contenttypes.contenttype",
  "pk": 22,
  "fields": {
    "app_label": "wagtailcore",
    "model": "pagelogentry"
  }
},
{
  "model": "contenttypes.contenttype",
  "pk": 23,
  "fields": {
    "app_label": "wagtailcore",
    "model": "comment"
  }
},
{
  "model": "contenttypes.contenttype",
  "pk": 24,
  "fields": {
    "app_label": "wagtailcore",
    "model": "commentreply"
  }
},
{
  "model": "contenttypes.contenttype",
  "pk": 25,
  "fields": {
    "app_label": "wagtailcore",
    "model": "pagesubscription"
  }
},
{
  "model": "contenttypes.contenttype",
  "pk": 26,
  "fields": {
    "app_label": "wagtailadmin",
    "model": "admin"
  }
},
{
  "model": "contenttypes.contenttype",
  "pk": 27,
  "fields": {
    "app_label": "wagtaildocs",
    "model": "document"
  }
},
{
  "model": "contenttypes.contenttype",
  "pk": 28,
  "fields": {
    "app_label": "picata",
    "model": "articletype"
  }
},
{
  "model": "contenttypes.contenttype",
  "pk": 29,
  "fields": {
    "app_label": "picata",
    "model": "basicpage"
  }
},
{
  "model": "contenttypes.contenttype",
  "pk": 30,
  "fields": {
    "app_label": "picata",
    "model": "homepage"
  }
},
{
  "model": "contenttypes.contenttype",
  "pk": 31,
  "fields": {
    "app_label": "picata",
    "model": "pagetag"
  }
},
{
  "model": "contenttypes.contenttype",
  "pk": 32,
  "fields": {
    "app_label": "picata",
    "model": "postgrouppage"
  }
},
{
  "model": "contenttypes.contenttype",
  "pk": 33,
  "fields": {
    "app_label": "picata",
    "model": "splitviewpage"
  }
},
{
  "model": "contenttypes.contenttype",
  "pk": 34,
  "fields": {
    "app_label": "picata",
    "model": "article"
  }
},
{
  "model": "contenttypes.contenttype",
  "pk": 35,
  "fields": {
    "app_label": "picata",
    "model": "pagetagrelation"
  }
},
{
  "model": "contenttypes.contenttype",
  "pk": 36,
  "fields": {
    "app_label": "picata",
    "model": "socialsettings"
  }
},
{
  "model": "contenttypes.contenttype",
  "pk": 37,
  "fields": {
    "app_label": "wagtailforms",
    "model": "formsubmission"
  }
},
{
  "model": "contenttypes.contenttype",
  "pk": 38,
  "fields": {
    "app_label": "wagtailredirects",
    "model": "redirect"
  }
},
{
  "model": "contenttypes.contenttype",
  "pk": 39,
  "fields": {
    "app_label": "wagtailembeds",
    "model": "embed"
  }
},
{
  "model": "contenttypes.contenttype",
  "pk": 40,
  "fields": {
    "app_label": "wagtailusers",
    "model": "userprofile"
  }
},
{
  "model": "contenttypes.contenttype",
  "pk": 41,
  "fields": {
    "app_label": "wagtailimages",
    "model": "rendition"
  }
},
{
  "model": "contenttypes.contenttype",
  "pk": 42,
  "fields": {
    "app_label": "wagtailsearch",
    "model": "indexentry"
  }
},
{
  "model": "contenttypes.contenttype",
  "pk": 43,
  "fields": {
    "app_label": "wagtailadmin",
    "model": "editingsession"
  }
},
{
  "model": "contenttypes.contenttype",
  "pk": 44,
  "fields": {
    "app_label": "taggit",
    "model": "tag"
  }
},
{
  "model": "contenttypes.contenttype",
  "pk": 45,
  "fields": {
    "app_label": "taggit",
    "model": "taggeditem"
  }
},
{
  "model": "contenttypes.contenttype",
  "pk": 46,
  "fields": {
    "app_label": "admin",
    "model": "logentry"
  }
},
{
  "model": "contenttypes.contenttype",
  "pk": 47,
  "fields": {
    "app_label": "auth",
    "model": "permission"
  }
},
{
  "model": "contenttypes.contenttype",
  "pk": 48,
  "fields": {
    "app_label": "auth",
    "model": "group"
  }
},
{
  "model": "contenttypes.contenttype",
  "pk": 49,
  "fields": {
    "app_label": "auth",
    "model": "user"
  }
},
{
  "model": "contenttypes.contenttype",
  "pk": 50,
  "fields": {
    "app_label": "contenttypes",
    "model": "contenttype"
  }
},
{
  "model": "contenttypes.contenttype",
  "pk": 51,
  "fields": {
    "app_label": "sessions",
    "model": "session"
  }
}
]
